batch_event_count,has_mouse_moves,has_clicks,has_keys,mouseMoveCount,mouseAvgVelocity,mouseStdVelocity,mouseMaxVelocity,mousePauseCount,mouseAvgPauseDurationMs,mousePathEfficiency,mouseAngularVelocityStd,mouseHoverTimeRatio,mouseHoverFrequency,clickCount,clickIntervalMeanMs,clickIntervalStdMs,clickIntervalMinMs,clickIntervalMaxMs,clickClusteringRatio,clickRatePerSec,clickLeftRatio,keyCount,keyInterKeyDelayMeanMs,keyInterKeyDelayStdMs,keyRapidPresses,keyEntropy,keyRatePerSec,batchDurationMs,eventRatePerSec,signalDiversityEntropy,clickToMoveRatio,keyToMoveRatio,sessionID,timestamp,timestampRelativeMs,label
7.0,1.0,1.0,1.0,3.0,167.70509831248424,55.90169943749475,223.606797749979,0.0,0.0,1.0,0.0,0.0,0.0,2.0,550.0,0.0,550.0,550.0,0.0,3.6363636363636362,1.0,2.0,60.0,0.0,0.0,1.0,33.333333333333336,600.0,11.666666666666668,0.9182958340544896,0.6666666666666666,0.6666666666666666,sess-1,2025-01-01 00:00:01+00:00,0,
0.0,0.0,0.0,0.0,0.0,0.0,0.0,0.0,0.0,0.0,0.0,0.0,0.0,0.0,0.0,0.0,0.0,0.0,0.0,0.0,0.0,0.0,0.0,0.0,0.0,0.0,0.0,0.0,0.0,0.0,0.0,0.0,0.0,sess-2,2025-01-01 00:00:05+00:00,0,
27.0,1.0,1.0,1.0,18.0,238.27185716167423,9.238269001196233,246.98178070456936,0.0,0.0,1.0001260365821223,0.0,0.0,0.0,3.0,250.0,0.0,250.0,250.0,1.0,6.0,1.0,6.0,80.0,0.0,0.0,2.584962500721156,15.0,2200.0,12.272727272727272,1.584962500721156,0.16666666666666666,0.3333333333333333,bot_sim_20260328200700,2026-03-28 20:04:00+00:00,0,
27.0,1.0,1.0,1.0,18.0,238.27185716167423,9.238269001196233,246.98178070456936,0.0,0.0,1.0001260365821223,0.0,0.0,0.0,3.0,250.0,0.0,250.0,250.0,1.0,6.0,1.0,6.0,80.0,0.0,0.0,2.584962500721156,15.0,2200.0,12.272727272727272,1.584962500721156,0.16666666666666666,0.3333333333333333,bot_sim_20260328200700,2026-03-28 20:04:03+00:00,3000,
27.0,1.0,1.0,1.0,18.0,238.27185716167423,9.238269001196233,246.98178070456936,0.0,0.0,1.0001260365821223,0.0,0.0,0.0,3.0,250.0,0.0,250.0,250.0,1.0,6.0,1.0,6.0,80.0,0.0,0.0,2.584962500721156,15.0,2200.0,12.272727272727272,1.584962500721156,0.16666666666666666,0.3333333333333333,bot_sim_20260328200700,2026-03-28 20:04:06+00:00,6000,
27.0,1.0,1.0,1.0,18.0,238.27185716167423,9.238269001196233,246.98178070456936,0.0,0.0,1.0001260365821223,0.0,0.0,0.0,3.0,250.0,0.0,250.0,250.0,1.0,6.0,1.0,6.0,80.0,0.0,0.0,2.584962500721156,15.0,2200.0,12.272727272727272,1.584962500721156,0.16666666666666666,0.3333333333333333,bot_sim_20260328200700,2026-03-28 20:04:09+00:00,9000,
27.0,1.0,1.0,1.0,18.0,238.27185716167423,9.238269001196233,246.98178070456936,0.0,0.0,1.0001260365821223,0.0,0.0,0.0,3.0,250.0,0.0,250.0,250.0,1.0,6.0,1.0,6.0,80.0,0.0,0.0,2.584962500721156,15.0,2200.0,12.272727272727272,1.584962500721156,0.16666666666666666,0.3333333333333333,bot_sim_20260328200700,2026-03-28 20:04:12+00:00,12000,
27.0,1.0,1.0,1.0,18.0,238.27185716167423,9.238269001196233,246.98178070456936,0.0,0.0,1.0001260365821223,0.0,0.0,0.0,3.0,250.0,0.0,250.0,250.0,1.0,6.0,1.0,6.0,80.0,0.0,0.0,2.584962500721156,15.0,2200.0,12.272727272727272,1.584962500721156,0.16666666666666666,0.3333333333333333,bot_sim_20260328200700,2026-03-28 20:04:15+00:00,15000,
27.0,1.0,1.0,1.0,18.0,238.27185716167423,9.238269001196233,246.98178070456936,0.0,0.0,1.0001260365821223,0.0,0.0,0.0,3.0,250.0,0.0,250.0,250.0,1.0,6.0,1.0,6.0,80.0,0.0,0.0,2.584962500721156,15.0,2200.0,12.272727272727272,1.584962500721156,0.16666666666666666,0.3333333333333333,bot_sim_20260328200700,2026-03-28 20:04:18+00:00,18000,
27.0,1.0,1.0,1.0,18.0,238.27185716167423,9.238269001196233,246.98178070456936,0.0,0.0,1.0001260365821223,0.0,0.0,0.0,3.0,250.0,0.0,250.0,250.0,1.0,6.0,1.0,6.0,80.0,0.0,0.0,2.584962500721156,15.0,2200.0,12.272727272727272,1.584962500721156,0.16666666666666666,0.3333333333333333,bot_sim_20260328200700,2026-03-28 20:04:21+00:00,21000,
27.0,1.0,1.0,1.0,18.0,238.27185716167423,9.238269001196233,246.98178070456936,0.0,0.0,1.0001260365821223,0.0,0.0,0.0,3.0,250.0,0.0,250.0,250.0,1.0,6.0,1.0,6.0,80.0,0.0,0.0,2.584962500721156,15.0,2200.0,12.272727272727272,1.584962500721156,0.16666666666666666,0.3333333333333333,bot_sim_20260328200700,2026-03-28 20:04:24+00:00,24000,
27.0,1.0,1.0,1.0,18.0,238.27185716167423,9.238269001196233,246.98178070456936,0.0,0.0,1.0001260365821223,0.0,0.0,0.0,3.0,250.0,0.0,250.0,250.0,1.0,6.0,1.0,6.0,80.0,0.0,0.0,2.584962500721156,15.0,2200.0,12.272727272727272,1.584962500721156,0.16666666666666666,0.3333333333333333,bot_sim_20260328200700,2026-03-28 20:04:27+00:00,27000,
27.0,1.0,1.0,1.0,18.0,238.27185716167423,9.238269001196233,246.98178070456936,0.0,0.0,1.0001260365821223,0.0,0.0,0.0,3.0,250.0,0.0,250.0,250.0,1.0,6.0,1.0,6.0,80.0,0.0,0.0,2.584962500721156,15.0,2200.0,12.272727272727272,1.584962500721156,0.16666666666666666,0.3333333333333333,bot_sim_20260328200700,2026-03-28 20:04:30+00:00,30000,
27.0,1.0,1.0,1.0,18.0,238.27185716167423,9.238269001196233,246.98178070456936,0.0,0.0,1.0001260365821223,0.0,0.0,0.0,3.0,250.0,0.0,250.0,250.0,1.0,6.0,1.0,6.0,80.0,0.0,0.0,2.584962500721156,15.0,2200.0,12.272727272727272,1.584962500721156,0.16666666666666666,0.3333333333333333,bot_sim_20260328200700,2026-03-28 20:04:33+00:00,33000,
27.0,1.0,1.0,1.0,18.0,238.27185716167423,9.238269001196233,246.98178070456936,0.0,0.0,1.0001260365821223,0.0,0.0,0.0,3.0,250.0,0.0,250.0,250.0,1.0,6.0,1.0,6.0,80.0,0.0,0.0,2.584962500721156,15.0,2200.0,12.272727272727272,1.584962500721156,0.16666666666666666,0.3333333333333333,bot_sim_20260328200700,2026-03-28 20:04:36+00:00,36000,
27.0,1.0,1.0,1.0,18.0,238.27185716167423,9.238269001196233,246.98178070456936,0.0,0.0,1.0001260365821223,0.0,0.0,0.0,3.0,250.0,0.0,250.0,250.0,1.0,6.0,1.0,6.0,80.0,0.0,0.0,2.584962500721156,15.0,2200.0,12.272727272727272,1.584962500721156,0.16666666666666666,0.3333333333333333,bot_sim_20260328200700,2026-03-28 20:04:39+00:00,39000,
27.0,1.0,1.0,1.0,18.0,238.27185716167423,9.238269001196233,246.98178070456936,0.0,0.0,1.0001260365821223,0.0,0.0,0.0,3.0,250.0,0.0,250.0,250.0,1.0,6.0,1.0,6.0,80.0,0.0,0.0,2.584962500721156,15.0,2200.0,12.272727272727272,1.584962500721156,0.16666666666666666,0.3333333333333333,bot_sim_20260328200700,2026-03-28 20:04:42+00:00,42000,
27.0,1.0,1.0,1.0,18.0,238.27185716167423,9.238269001196233,246.98178070456936,0.0,0.0,1.0001260365821223,0.0,0.0,0.0,3.0,250.0,0.0,250.0,250.0,1.0,6.0,1.0,6.0,80.0,0.0,0.0,2.584962500721156,15.0,2200.0,12.272727272727272,1.584962500721156,0.16666666666666666,0.3333333333333333,bot_sim_20260328200700,2026-03-28 20:04:00+00:00,0,
27.0,1.0,1.0,1.0,18.0,238.27185716167423,9.238269001196233,246.98178070456936,0.0,0.0,1.0001260365821223,0.0,0.0,0.0,3.0,250.0,0.0,250.0,250.0,1.0,6.0,1.0,6.0,80.0,0.0,0.0,2.584962500721156,15.0,2200.0,12.272727272727272,1.584962500721156,0.16666666666666666,0.3333333333333333,bot_sim_20260328200700,2026-03-28 20:04:03+00:00,3000,
27.0,1.0,1.0,1.0,18.0,238.27185716167423,9.238269001196233,246.98178070456936,0.0,0.0,1.0001260365821223,0.0,0.0,0.0,3.0,250.0,0.0,250.0,250.0,1.0,6.0,1.0,6.0,80.0,0.0,0.0,2.584962500721156,15.0,2200.0,12.272727272727272,1.584962500721156,0.16666666666666666,0.3333333333333333,bot_sim_20260328200700,2026-03-28 20:04:06+00:00,6000,
27.0,1.0,1.0,1.0,18.0,238.27185716167423,9.238269001196233,246.98178070456936,0.0,0.0,1.0001260365821223,0.0,0.0,0.0,3.0,250.0,0.0,250.0,250.0,1.0,6.0,1.0,6.0,80.0,0.0,0.0,2.584962500721156,15.0,2200.0,12.272727272727272,1.584962500721156,0.16666666666666666,0.3333333333333333,bot_sim_20260328200700,2026-03-28 20:04:09+00:00,9000,
27.0,1.0,1.0,1.0,18.0,238.27185716167423,9.238269001196233,246.98178070456936,0.0,0.0,1.0001260365821223,0.0,0.0,0.0,3.0,250.0,0.0,250.0,250.0,1.0,6.0,1.0,6.0,80.0,0.0,0.0,2.584962500721156,15.0,2200.0,12.272727272727272,1.584962500721156,0.16666666666666666,0.3333333333333333,bot_sim_20260328200700,2026-03-28 20:04:12+00:00,12000,
27.0,1.0,1.0,1.0,18.0,238.27185716167423,9.238269001196233,246.98178070456936,0.0,0.0,1.0001260365821223,0.0,0.0,0.0,3.0,250.0,0.0,250.0,250.0,1.0,6.0,1.0,6.0,80.0,0.0,0.0,2.584962500721156,15.0,2200.0,12.272727272727272,1.584962500721156,0.16666666666666666,0.3333333333333333,bot_sim_20260328200700,2026-03-28 20:04:15+00:00,15000,
27.0,1.0,1.0,1.0,18.0,238.27185716167423,9.238269001196233,246.98178070456936,0.0,0.0,1.0001260365821223,0.0,0.0,0.0,3.0,250.0,0.0,250.0,250.0,1.0,6.0,1.0,6.0,80.0,0.0,0.0,2.584962500721156,15.0,2200.0,12.272727272727272,1.584962500721156,0.16666666666666666,0.3333333333333333,bot_sim_20260328200700,2026-03-28 20:04:18+00:00,18000,
27.0,1.0,1.0,1.0,18.0,238.27185716167423,9.238269001196233,246.98178070456936,0.0,0.0,1.0001260365821223,0.0,0.0,0.0,3.0,250.0,0.0,250.0,250.0,1.0,6.0,1.0,6.0,80.0,0.0,0.0,2.584962500721156,15.0,2200.0,12.272727272727272,1.584962500721156,0.16666666666666666,0.3333333333333333,bot_sim_20260328200700,2026-03-28 20:04:21+00:00,21000,
27.0,1.0,1.0,1.0,18.0,238.27185716167423,9.238269001196233,246.98178070456936,0.0,0.0,1.0001260365821223,0.0,0.0,0.0,3.0,250.0,0.0,250.0,250.0,1.0,6.0,1.0,6.0,80.0,0.0,0.0,2.584962500721156,15.0,2200.0,12.272727272727272,1.584962500721156,0.16666666666666666,0.3333333333333333,bot_sim_20260328200700,2026-03-28 20:04:24+00:00,24000,
27.0,1.0,1.0,1.0,18.0,238.27185716167423,9.238269001196233,246.98178070456936,0.0,0.0,1.0001260365821223,0.0,0.0,0.0,3.0,250.0,0.0,250.0,250.0,1.0,6.0,1.0,6.0,80.0,0.0,0.0,2.584962500721156,15.0,2200.0,12.272727272727272,1.584962500721156,0.16666666666666666,0.3333333333333333,bot_sim_20260328200700,2026-03-28 20:04:27+00:00,27000,
27.0,1.0,1.0,1.0,18.0,238.27185716167423,9.238269001196233,246.98178070456936,0.0,0.0,1.0001260365821223,0.0,0.0,0.0,3.0,250.0,0.0,250.0,250.0,1.0,6.0,1.0,6.0,80.0,0.0,0.0,2.584962500721156,15.0,2200.0,12.272727272727272,1.584962500721156,0.16666666666666666,0.3333333333333333,bot_sim_20260328200700,2026-03-28 20:04:30+00:00,30000,
27.0,1.0,1.0,1.0,18.0,238.27185716167423,9.238269001196233,246.98178070456936,0.0,0.0,1.0001260365821223,0.0,0.0,0.0,3.0,250.0,0.0,250.0,250.0,1.0,6.0,1.0,6.0,80.0,0.0,0.0,2.584962500721156,15.0,2200.0,12.272727272727272,1.584962500721156,0.16666666666666666,0.3333333333333333,bot_sim_20260328200700,2026-03-28 20:04:33+00:00,33000,
27.0,1.0,1.0,1.0,18.0,238.27185716167423,9.238269001196233,246.98178070456936,0.0,0.0,1.0001260365821223,0.0,0.0,0.0,3.0,250.0,0.0,250.0,250.0,1.0,6.0,1.0,6.0,80.0,0.0,0.0,2.584962500721156,15.0,2200.0,12.272727272727272,1.584962500721156,0.16666666666666666,0.3333333333333333,bot_sim_20260328200700,2026-03-28 20:04:36+00:00,36000,
27.0,1.0,1.0,1.0,18.0,238.27185716167423,9.238269001196233,246.98178070456936,0.0,0.0,1.0001260365821223,0.0,0.0,0.0,3.0,250.0,0.0,250.0,250.0,1.0,6.0,1.0,6.0,80.0,0.0,0.0,2.584962500721156,15.0,2200.0,12.272727272727272,1.584962500721156,0.16666666666666666,0.3333333333333333,bot_sim_20260328200700,2026-03-28 20:04:39+00:00,39000,
27.0,1.0,1.0,1.0,18.0,238.27185716167423,9.238269001196233,246.98178070456936,0.0,0.0,1.0001260365821223,0.0,0.0,0.0,3.0,250.0,0.0,250.0,250.0,1.0,6.0,1.0,6.0,80.0,0.0,0.0,2.584962500721156,15.0,2200.0,12.272727272727272,1.584962500721156,0.16666666666666666,0.3333333333333333,bot_sim_20260328200700,2026-03-28 20:04:42+00:00,42000,
27.0,1.0,1.0,1.0,18.0,238.27185716167423,9.238269001196233,246.98178070456936,0.0,0.0,1.0001260365821223,0.0,0.0,0.0,3.0,250.0,0.0,250.0,250.0,1.0,6.0,1.0,6.0,80.0,0.0,0.0,2.584962500721156,15.0,2200.0,12.272727272727272,1.584962500721156,0.16666666666666666,0.3333333333333333,bot_sim_20260328200700,2026-03-28 20:04:00+00:00,0,
27.0,1.0,1.0,1.0,18.0,238.27185716167423,9.238269001196233,246.98178070456936,0.0,0.0,1.0001260365821223,0.0,0.0,0.0,3.0,250.0,0.0,250.0,250.0,1.0,6.0,1.0,6.0,80.0,0.0,0.0,2.584962500721156,15.0,2200.0,12.272727272727272,1.584962500721156,0.16666666666666666,0.3333333333333333,bot_sim_20260328200700,2026-03-28 20:04:03+00:00,3000,
27.0,1.0,1.0,1.0,18.0,238.27185716167423,9.238269001196233,246.98178070456936,0.0,0.0,1.0001260365821223,0.0,0.0,0.0,3.0,250.0,0.0,250.0,250.0,1.0,6.0,1.0,6.0,80.0,0.0,0.0,2.584962500721156,15.0,2200.0,12.272727272727272,1.584962500721156,0.16666666666666666,0.3333333333333333,bot_sim_20260328200700,2026-03-28 20:04:06+00:00,6000,
27.0,1.0,1.0,1.0,18.0,238.27185716167423,9.238269001196233,246.98178070456936,0.0,0.0,1.0001260365821223,0.0,0.0,0.0,3.0,250.0,0.0,250.0,250.0,1.0,6.0,1.0,6.0,80.0,0.0,0.0,2.584962500721156,15.0,2200.0,12.272727272727272,1.584962500721156,0.16666666666666666,0.3333333333333333,bot_sim_20260328200700,2026-03-28 20:04:09+00:00,9000,
27.0,1.0,1.0,1.0,18.0,238.27185716167423,9.238269001196233,246.98178070456936,0.0,0.0,1.0001260365821223,0.0,0.0,0.0,3.0,250.0,0.0,250.0,250.0,1.0,6.0,1.0,6.0,80.0,0.0,0.0,2.584962500721156,15.0,2200.0,12.272727272727272,1.584962500721156,0.16666666666666666,0.3333333333333333,bot_sim_20260328200700,2026-03-28 20:04:12+00:00,12000,
27.0,1.0,1.0,1.0,18.0,238.27185716167423,9.238269001196233,246.98178070456936,0.0,0.0,1.0001260365821223,0.0,0.0,0.0,3.0,250.0,0.0,250.0,250.0,1.0,6.0,1.0,6.0,80.0,0.0,0.0,2.584962500721156,15.0,2200.0,12.272727272727272,1.584962500721156,0.16666666666666666,0.3333333333333333,bot_sim_20260328200700,2026-03-28 20:04:15+00:00,15000,
27.0,1.0,1.0,1.0,18.0,238.27185716167423,9.238269001196233,246.98178070456936,0.0,0.0,1.0001260365821223,0.0,0.0,0.0,3.0,250.0,0.0,250.0,250.0,1.0,6.0,1.0,6.0,80.0,0.0,0.0,2.584962500721156,15.0,2200.0,12.272727272727272,1.584962500721156,0.16666666666666666,0.3333333333333333,bot_sim_20260328200700,2026-03-28 20:04:18+00:00,18000,
27.0,1.0,1.0,1.0,18.0,238.27185716167423,9.238269001196233,246.98178070456936,0.0,0.0,1.0001260365821223,0.0,0.0,0.0,3.0,250.0,0.0,250.0,250.0,1.0,6.0,1.0,6.0,80.0,0.0,0.0,2.584962500721156,15.0,2200.0,12.272727272727272,1.584962500721156,0.16666666666666666,0.3333333333333333,bot_sim_20260328200700,2026-03-28 20:04:21+00:00,21000,
27.0,1.0,1.0,1.0,18.0,238.27185716167423,9.238269001196233,246.98178070456936,0.0,0.0,1.0001260365821223,0.0,0.0,0.0,3.0,250.0,0.0,250.0,250.0,1.0,6.0,1.0,6.0,80.0,0.0,0.0,2.584962500721156,15.0,2200.0,12.272727272727272,1.584962500721156,0.16666666666666666,0.3333333333333333,bot_sim_20260328200700,2026-03-28 20:04:24+00:00,24000,
27.0,1.0,1.0,1.0,18.0,238.27185716167423,9.238269001196233,246.98178070456936,0.0,0.0,1.0001260365821223,0.0,0.0,0.0,3.0,250.0,0.0,250.0,250.0,1.0,6.0,1.0,6.0,80.0,0.0,0.0,2.584962500721156,15.0,2200.0,12.272727272727272,1.584962500721156,0.16666666666666666,0.3333333333333333,bot_sim_20260328200700,2026-03-28 20:04:27+00:00,27000,
27.0,1.0,1.0,1.0,18.0,238.27185716167423,9.238269001196233,246.98178070456936,0.0,0.0,1.0001260365821223,0.0,0.0,0.0,3.0,250.0,0.0,250.0,250.0,1.0,6.0,1.0,6.0,80.0,0.0,0.0,2.584962500721156,15.0,2200.0,12.272727272727272,1.584962500721156,0.16666666666666666,0.3333333333333333,bot_sim_20260328200700,2026-03-28 20:04:30+00:00,30000,
27.0,1.0,1.0,1.0,18.0,238.27185716167423,9.238269001196233,246.98178070456936,0.0,0.0,1.0001260365821223,0.0,0.0,0.0,3.0,250.0,0.0,250.0,250.0,1.0,6.0,1.0,6.0,80.0,0.0,0.0,2.584962500721156,15.0,2200.0,12.272727272727272,1.584962500721156,0.16666666666666666,0.3333333333333333,bot_sim_20260328200700,2026-03-28 20:04:33+00:00,33000,
27.0,1.0,1.0,1.0,18.0,238.27185716167423,9.238269001196233,246.98178070456936,0.0,0.0,1.0001260365821223,0.0,0.0,0.0,3.0,250.0,0.0,250.0,250.0,1.0,6.0,1.0,6.0,80.0,0.0,0.0,2.584962500721156,15.0,2200.0,12.272727272727272,1.584962500721156,0.16666666666666666,0.3333333333333333,bot_sim_20260328200700,2026-03-28 20:04:36+00:00,36000,
27.0,1.0,1.0,1.0,18.0,238.27185716167423,9.238269001196233,246.98178070456936,0.0,0.0,1.0001260365821223,0.0,0.0,0.0,3.0,250.0,0.0,250.0,250.0,1.0,6.0,1.0,6.0,80.0,0.0,0.0,2.584962500721156,15.0,2200.0,12.272727272727272,1.584962500721156,0.16666666666666666,0.3333333333333333,bot_sim_20260328200700,2026-03-28 20:04:39+00:00,39000,
27.0,1.0,1.0,1.0,18.0,238.27185716167423,9.238269001196233,246.98178070456936,0.0,0.0,1.0001260365821223,0.0,0.0,0.0,3.0,250.0,0.0,250.0,250.0,1.0,6.0,1.0,6.0,80.0,0.0,0.0,2.584962500721156,15.0,2200.0,12.272727272727272,1.584962500721156,0.16666666666666666,0.3333333333333333,bot_sim_20260328200700,2026-03-28 20:04:42+00:00,42000,
27.0,1.0,1.0,1.0,18.0,238.27185716167423,9.238269001196233,246.98178070456936,0.0,0.0,1.0001260365821223,0.0,0.0,0.0,3.0,250.0,0.0,250.0,250.0,1.0,6.0,1.0,6.0,80.0,0.0,0.0,2.584962500721156,15.0,2200.0,12.272727272727272,1.584962500721156,0.16666666666666666,0.3333333333333333,bot_sim_20260328200700,2026-03-28 20:04:00+00:00,0,
27.0,1.0,1.0,1.0,18.0,238.27185716167423,9.238269001196233,246.98178070456936,0.0,0.0,1.0001260365821223,0.0,0.0,0.0,3.0,250.0,0.0,250.0,250.0,1.0,6.0,1.0,6.0,80.0,0.0,0.0,2.584962500721156,15.0,2200.0,12.272727272727272,1.584962500721156,0.16666666666666666,0.3333333333333333,bot_sim_20260328200700,2026-03-28 20:04:03+00:00,3000,
27.0,1.0,1.0,1.0,18.0,238.27185716167423,9.238269001196233,246.98178070456936,0.0,0.0,1.0001260365821223,0.0,0.0,0.0,3.0,250.0,0.0,250.0,250.0,1.0,6.0,1.0,6.0,80.0,0.0,0.0,2.584962500721156,15.0,2200.0,12.272727272727272,1.584962500721156,0.16666666666666666,0.3333333333333333,bot_sim_20260328200700,2026-03-28 20:04:06+00:00,6000,
27.0,1.0,1.0,1.0,18.0,238.27185716167423,9.238269001196233,246.98178070456936,0.0,0.0,1.0001260365821223,0.0,0.0,0.0,3.0,250.0,0.0,250.0,250.0,1.0,6.0,1.0,6.0,80.0,0.0,0.0,2.584962500721156,15.0,2200.0,12.272727272727272,1.584962500721156,0.16666666666666666,0.3333333333333333,bot_sim_20260328200700,2026-03-28 20:04:09+00:00,9000,
27.0,1.0,1.0,1.0,18.0,238.27185716167423,9.238269001196233,246.98178070456936,0.0,0.0,1.0001260365821223,0.0,0.0,0.0,3.0,250.0,0.0,250.0,250.0,1.0,6.0,1.0,6.0,80.0,0.0,0.0,2.584962500721156,15.0,2200.0,12.272727272727272,1.584962500721156,0.16666666666666666,0.3333333333333333,bot_sim_20260328200700,2026-03-28 20:04:12+00:00,12000,
27.0,1.0,1.0,1.0,18.0,238.27185716167423,9.238269001196233,246.98178070456936,0.0,0.0,1.0001260365821223,0.0,0.0,0.0,3.0,250.0,0.0,250.0,250.0,1.0,6.0,1.0,6.0,80.0,0.0,0.0,2.584962500721156,15.0,2200.0,12.272727272727272,1.584962500721156,0.16666666666666666,0.3333333333333333,bot_sim_20260328200700,2026-03-28 20:04:15+00:00,15000,
27.0,1.0,1.0,1.0,18.0,238.27185716167423,9.238269001196233,246.98178070456936,0.0,0.0,1.0001260365821223,0.0,0.0,0.0,3.0,250.0,0.0,250.0,250.0,1.0,6.0,1.0,6.0,80.0,0.0,0.0,2.584962500721156,15.0,2200.0,12.272727272727272,1.584962500721156,0.16666666666666666,0.3333333333333333,bot_sim_20260328200700,2026-03-28 20:04:18+00:00,18000,
27.0,1.0,1.0,1.0,18.0,238.27185716167423,9.238269001196233,246.98178070456936,0.0,0.0,1.0001260365821223,0.0,0.0,0.0,3.0,250.0,0.0,250.0,250.0,1.0,6.0,1.0,6.0,80.0,0.0,0.0,2.584962500721156,15.0,2200.0,12.272727272727272,1.584962500721156,0.16666666666666666,0.3333333333333333,bot_sim_20260328200700,2026-03-28 20:04:21+00:00,21000,
27.0,1.0,1.0,1.0,18.0,238.27185716167423,9.238269001196233,246.98178070456936,0.0,0.0,1.0001260365821223,0.0,0.0,0.0,3.0,250.0,0.0,250.0,250.0,1.0,6.0,1.0,6.0,80.0,0.0,0.0,2.584962500721156,15.0,2200.0,12.272727272727272,1.584962500721156,0.16666666666666666,0.3333333333333333,bot_sim_20260328200700,2026-03-28 20:04:24+00:00,24000,
27.0,1.0,1.0,1.0,18.0,238.27185716167423,9.238269001196233,246.98178070456936,0.0,0.0,1.0001260365821223,0.0,0.0,0.0,3.0,250.0,0.0,250.0,250.0,1.0,6.0,1.0,6.0,80.0,0.0,0.0,2.584962500721156,15.0,2200.0,12.272727272727272,1.584962500721156,0.16666666666666666,0.3333333333333333,bot_sim_20260328200700,2026-03-28 20:04:27+00:00,27000,
27.0,1.0,1.0,1.0,18.0,238.27185716167423,9.238269001196233,246.98178070456936,0.0,0.0,1.0001260365821223,0.0,0.0,0.0,3.0,250.0,0.0,250.0,250.0,1.0,6.0,1.0,6.0,80.0,0.0,0.0,2.584962500721156,15.0,2200.0,12.272727272727272,1.584962500721156,0.16666666666666666,0.3333333333333333,bot_sim_20260328200700,2026-03-28 20:04:30+00:00,30000,
27.0,1.0,1.0,1.0,18.0,238.27185716167423,9.238269001196233,246.98178070456936,0.0,0.0,1.0001260365821223,0.0,0.0,0.0,3.0,250.0,0.0,250.0,250.0,1.0,6.0,1.0,6.0,80.0,0.0,0.0,2.584962500721156,15.0,2200.0,12.272727272727272,1.584962500721156,0.16666666666666666,0.3333333333333333,bot_sim_20260328200700,2026-03-28 20:04:33+00:00,33000,
27.0,1.0,1.0,1.0,18.0,238.27185716167423,9.238269001196233,246.98178070456936,0.0,0.0,1.0001260365821223,0.0,0.0,0.0,3.0,250.0,0.0,250.0,250.0,1.0,6.0,1.0,6.0,80.0,0.0,0.0,2.584962500721156,15.0,2200.0,12.272727272727272,1.584962500721156,0.16666666666666666,0.3333333333333333,bot_sim_20260328200700,2026-03-28 20:04:36+00:00,36000,
27.0,1.0,1.0,1.0,18.0,238.27185716167423,9.238269001196233,246.98178070456936,0.0,0.0,1.0001260365821223,0.0,0.0,0.0,3.0,250.0,0.0,250.0,250.0,1.0,6.0,1.0,6.0,80.0,0.0,0.0,2.584962500721156,15.0,2200.0,12.272727272727272,1.584962500721156,0.16666666666666666,0.3333333333333333,bot_sim_20260328200700,2026-03-28 20:04:39+00:00,39000,
27.0,1.0,1.0,1.0,18.0,238.27185716167423,9.238269001196233,246.98178070456936,0.0,0.0,1.0001260365821223,0.0,0.0,0.0,3.0,250.0,0.0,250.0,250.0,1.0,6.0,1.0,6.0,80.0,0.0,0.0,2.584962500721156,15.0,2200.0,12.272727272727272,1.584962500721156,0.16666666666666666,0.3333333333333333,bot_sim_20260328200700,2026-03-28 20:04:42+00:00,42000,
27.0,1.0,1.0,1.0,15.0,166.4649559069102,171.5138239923567,636.4940327604118,0.0,0.0,1.0030439414711794,0.058800639560725114,-0.48379970544919,0.21428571428571427,3.0,232.0,30.0,202.0,262.0,1.0,6.4655172413793105,1.0,9.0,79.0,56.167161224331075,2.0,2.94770277922009,14.240506329113924,2180.0,12.385321100917432,1.584962500721156,0.2,0.6,bot_sim_20260328200700,2026-03-28 20:04:00+00:00,0,
29.0,1.0,1.0,1.0,18.0,172.95294992841366,140.0272131694005,400.0,0.0,0.0,1.0028668325677461,0.06192804766483928,-0.4796380090497738,0.23529411764705882,3.0,281.0,85.0,196.0,366.0,1.0,5.338078291814947,1.0,8.0,72.0,50.50035360555126,1.0,2.75,15.873015873015872,2309.0,12.559549588566478,1.584962500721156,0.16666666666666666,0.4444444444444444,bot_sim_20260328200700,2026-03-28 20:04:03+00:00,3000,
24.0,1.0,1.0,1.0,16.0,113.19236876266888,90.6621355311479,227.5849656427275,0.0,0.0,1.0043444306281595,0.07505953341402717,-0.24838709677419354,0.26666666666666666,3.0,250.0,76.0,174.0,326.0,1.0,6.0,1.0,5.0,70.0,40.76763422127902,1.0,2.321928094887362,17.857142857142858,2238.0,10.723860589812332,1.584962500721156,0.1875,0.3125,bot_sim_20260328200700,2026-03-28 20:04:06+00:00,6000,
31.0,1.0,1.0,1.0,21.0,451.2502891394238,1117.8774363969435,5249.761899362676,0.0,0.0,1.0035089688212808,0.08836702473116505,-0.2900990099009901,0.2,3.0,233.5,24.5,209.0,258.0,1.0,6.423982869379015,1.0,7.0,77.0,30.69744831958079,1.0,2.5216406363433186,15.151515151515152,2178.0,14.233241505968778,1.584962500721156,0.14285714285714285,0.3333333333333333,bot_sim_20260328200700,2026-03-28 20:04:09+00:00,9000,
26.0,1.0,1.0,1.0,17.0,158.27984342691835,143.67746009547432,440.1801601483227,0.0,0.0,1.0033891072597156,0.07506251595818983,-0.9134615384615384,0.25,3.0,237.5,52.5,185.0,290.0,1.0,6.315789473684211,1.0,6.0,101.0,65.6505902486794,1.0,2.584962500721156,11.881188118811881,2207.0,11.780697779791574,1.584962500721156,0.17647058823529413,0.35294117647058826,bot_sim_20260328200700,2026-03-28 20:04:12+00:00,12000,
31.0,1.0,1.0,1.0,17.0,148.23843920894132,138.93176873636617,455.9976801448892,0.0,0.0,1.0040143493625877,0.08352645204564213,-0.45345744680851063,0.25,3.0,256.5,32.5,224.0,289.0,1.0,5.847953216374268,1.0,11.0,70.0,73.23250644351864,3.0,2.8453509366224368,15.714285714285715,2229.0,13.907581875280396,1.584962500721156,0.17647058823529413,0.6470588235294118,bot_sim_20260328200700,2026-03-28 20:04:15+00:00,15000,
29.0,1.0,1.0,1.0,20.0,234.60830507847865,269.08948554869295,850.0919067959652,0.0,0.0,1.0016028298581292,0.0619574581567755,-0.3944710260499734,0.21052631578947367,3.0,251.5,11.5,240.0,263.0,1.0,5.964214711729622,1.0,6.0,82.0,33.27461494893667,1.0,2.584962500721156,14.634146341463415,2217.0,13.080739738385205,1.584962500721156,0.15,0.3,bot_sim_20260328200700,2026-03-28 20:04:18+00:00,18000,
33.0,1.0,1.0,1.0,19.0,312.3410551946232,850.0851470441496,3795.8086444532637,0.0,0.0,1.0062396918405783,0.09593498863117766,-0.33434343434343433,0.2777777777777778,3.0,289.5,10.5,279.0,300.0,1.0,5.181347150259067,1.0,11.0,94.0,67.73625321790392,2.0,2.8453509366224368,11.702127659574467,2305.0,14.316702819956616,1.584962500721156,0.15789473684210525,0.5789473684210527,bot_sim_20260328200700,2026-03-28 20:04:21+00:00,21000,
29.0,1.0,1.0,1.0,21.0,200.02364730116466,258.1938090204751,832.3038908979345,0.0,0.0,1.0058871518427528,0.13648201242793165,-0.32894736842105265,0.25,3.0,245.5,24.5,221.0,270.0,1.0,6.109979633401222,1.0,5.0,105.0,19.4164878389476,0.0,2.321928094887362,11.904761904761903,2280.0,12.719298245614034,1.584962500721156,0.14285714285714285,0.23809523809523808,bot_sim_20260328200700,2026-03-28 20:04:24+00:00,24000,
29.0,1.0,1.0,1.0,17.0,343.96443037840197,767.8439988585236,3282.9526005987013,0.0,0.0,1.0033742099622558,0.10148701947727391,-0.28714622641509435,0.1875,3.0,299.0,3.0,296.0,302.0,1.0,5.016722408026756,1.0,9.0,94.0,93.3354166434157,2.0,2.94770277922009,11.96808510638298,2319.0,12.505390254420009,1.584962500721156,0.17647058823529413,0.5294117647058824,bot_sim_20260328200700,2026-03-28 20:04:27+00:00,27000,
27.0,1.0,1.0,1.0,16.0,82.9802184612042,77.39697461786166,243.25212770525997,0.0,0.0,1.0059974065759778,0.12358197044478716,-0.4628415300546448,0.3333333333333333,3.0,268.5,74.5,194.0,343.0,1.0,5.58659217877095,1.0,8.0,103.0,67.17142249498666,2.0,2.75,11.095700416088766,2256.0,11.96808510638298,1.584962500721156,0.1875,0.5,bot_sim_20260328200700,2026-03-28 20:04:30+00:00,30000,
23.0,1.0,1.0,1.0,15.0,195.4014047565079,174.62085211278023,542.2583777790377,0.0,0.0,1.0023527037672524,0.0593115247621836,-0.1274131274131274,0.21428571428571427,3.0,280.0,31.0,249.0,311.0,1.0,5.357142857142857,1.0,5.0,103.0,36.871398129173244,0.0,2.321928094887362,12.135922330097086,2284.0,10.070052539404553,1.584962500721156,0.2,0.3333333333333333,bot_sim_20260328200700,2026-03-28 20:04:33+00:00,33000,
32.0,1.0,1.0,1.0,18.0,198.9330379232268,183.3519536741753,677.8343894045651,0.0,0.0,1.004278175540763,0.09920880901766756,-0.39514066496163686,0.17647058823529413,3.0,240.0,38.0,202.0,278.0,1.0,6.25,1.0,11.0,73.0,105.51492785383498,5.0,2.8453509366224368,13.75,2218.0,14.427412082957618,1.584962500721156,0.16666666666666666,0.6111111111111112,bot_sim_20260328200700,2026-03-28 20:04:36+00:00,36000,
30.0,1.0,1.0,1.0,21.0,244.26206285128495,485.53424644373774,2280.3508501982756,0.0,0.0,1.0035840502808908,0.08978540251925966,-0.3306930693069307,0.25,3.0,273.0,64.0,209.0,337.0,1.0,5.4945054945054945,1.0,6.0,92.0,51.3926064721376,1.0,2.584962500721156,13.043478260869565,2276.0,13.181019332161688,1.584962500721156,0.14285714285714285,0.2857142857142857,bot_sim_20260328200700,2026-03-28 20:04:39+00:00,39000,
24.0,1.0,1.0,1.0,15.0,274.93104347122056,263.43793474886616,867.0148082014537,0.0,0.0,1.0038872864081305,0.08812852101619918,-0.25918367346938775,0.14285714285714285,3.0,278.5,22.5,256.0,301.0,1.0,5.3859964093357275,1.0,6.0,71.0,28.684490582891655,1.0,2.584962500721156,16.901408450704224,2285.0,10.50328227571116,1.584962500721156,0.2,0.4,bot_sim_20260328200700,2026-03-28 20:04:42+00:00,42000,
27.0,1.0,1.0,1.0,15.0,166.4649559069102,171.5138239923567,636.4940327604118,0.0,0.0,1.0030439414711794,0.058800639560725114,-0.48379970544919,0.21428571428571427,3.0,232.0,30.0,202.0,262.0,1.0,6.4655172413793105,1.0,9.0,79.0,56.167161224331075,2.0,2.94770277922009,14.240506329113924,2180.0,12.385321100917432,1.584962500721156,0.2,0.6,bot_sim_20260328200700,2026-03-28 20:04:00+00:00,0,
29.0,1.0,1.0,1.0,18.0,172.95294992841366,140.0272131694005,400.0,0.0,0.0,1.0028668325677461,0.06192804766483928,-0.4796380090497738,0.23529411764705882,3.0,281.0,85.0,196.0,366.0,1.0,5.338078291814947,1.0,8.0,72.0,50.50035360555126,1.0,2.75,15.873015873015872,2309.0,12.559549588566478,1.584962500721156,0.16666666666666666,0.4444444444444444,bot_sim_20260328200700,2026-03-28 20:04:03+00:00,3000,
24.0,1.0,1.0,1.0,16.0,113.19236876266888,90.6621355311479,227.5849656427275,0.0,0.0,1.0043444306281595,0.07505953341402717,-0.24838709677419354,0.26666666666666666,3.0,250.0,76.0,174.0,326.0,1.0,6.0,1.0,5.0,70.0,40.76763422127902,1.0,2.321928094887362,17.857142857142858,2238.0,10.723860589812332,1.584962500721156,0.1875,0.3125,bot_sim_20260328200700,2026-03-28 20:04:06+00:00,6000,
31.0,1.0,1.0,1.0,21.0,451.2502891394238,1117.8774363969435,5249.761899362676,0.0,0.0,1.0035089688212808,0.08836702473116505,-0.2900990099009901,0.2,3.0,233.5,24.5,209.0,258.0,1.0,6.423982869379015,1.0,7.0,77.0,30.69744831958079,1.0,2.5216406363433186,15.151515151515152,2178.0,14.233241505968778,1.584962500721156,0.14285714285714285,0.3333333333333333,bot_sim_20260328200700,2026-03-28 20:04:09+00:00,9000,
26.0,1.0,1.0,1.0,17.0,158.27984342691835,143.67746009547432,440.1801601483227,0.0,0.0,1.0033891072597156,0.07506251595818983,-0.9134615384615384,0.25,3.0,237.5,52.5,185.0,290.0,1.0,6.315789473684211,1.0,6.0,101.0,65.6505902486794,1.0,2.584962500721156,11.881188118811881,2207.0,11.780697779791574,1.584962500721156,0.17647058823529413,0.35294117647058826,bot_sim_20260328200700,2026-03-28 20:04:12+00:00,12000,
31.0,1.0,1.0,1.0,17.0,148.23843920894132,138.93176873636617,455.9976801448892,0.0,0.0,1.0040143493625877,0.08352645204564213,-0.45345744680851063,0.25,3.0,256.5,32.5,224.0,289.0,1.0,5.847953216374268,1.0,11.0,70.0,73.23250644351864,3.0,2.8453509366224368,15.714285714285715,2229.0,13.907581875280396,1.584962500721156,0.17647058823529413,0.6470588235294118,bot_sim_20260328200700,2026-03-28 20:04:15+00:00,15000,
29.0,1.0,1.0,1.0,20.0,234.60830507847865,269.08948554869295,850.0919067959652,0.0,0.0,1.0016028298581292,0.0619574581567755,-0.3944710260499734,0.21052631578947367,3.0,251.5,11.5,240.0,263.0,1.0,5.964214711729622,1.0,6.0,82.0,33.27461494893667,1.0,2.584962500721156,14.634146341463415,2217.0,13.080739738385205,1.584962500721156,0.15,0.3,bot_sim_20260328200700,2026-03-28 20:04:18+00:00,18000,
33.0,1.0,1.0,1.0,19.0,312.3410551946232,850.0851470441496,3795.8086444532637,0.0,0.0,1.0062396918405783,0.09593498863117766,-0.33434343434343433,0.2777777777777778,3.0,289.5,10.5,279.0,300.0,1.0,5.181347150259067,1.0,11.0,94.0,67.73625321790392,2.0,2.8453509366224368,11.702127659574467,2305.0,14.316702819956616,1.584962500721156,0.15789473684210525,0.5789473684210527,bot_sim_20260328200700,2026-03-28 20:04:21+00:00,21000,
29.0,1.0,1.0,1.0,21.0,200.02364730116466,258.1938090204751,832.3038908979345,0.0,0.0,1.0058871518427528,0.13648201242793165,-0.32894736842105265,0.25,3.0,245.5,24.5,221.0,270.0,1.0,6.109979633401222,1.0,5.0,105.0,19.4164878389476,0.0,2.321928094887362,11.904761904761903,2280.0,12.719298245614034,1.584962500721156,0.14285714285714285,0.23809523809523808,bot_sim_20260328200700,2026-03-28 20:04:24+00:00,24000,
29.0,1.0,1.0,1.0,17.0,343.96443037840197,767.8439988585236,3282.9526005987013,0.0,0.0,1.0033742099622558,0.10148701947727391,-0.28714622641509435,0.1875,3.0,299.0,3.0,296.0,302.0,1.0,5.016722408026756,1.0,9.0,94.0,93.3354166434157,2.0,2.94770277922009,11.96808510638298,2319.0,12.505390254420009,1.584962500721156,0.17647058823529413,0.5294117647058824,bot_sim_20260328200700,2026-03-28 20:04:27+00:00,27000,
27.0,1.0,1.0,1.0,16.0,82.9802184612042,77.39697461786166,243.25212770525997,0.0,0.0,1.0059974065759778,0.12358197044478716,-0.4628415300546448,0.3333333333333333,3.0,268.5,74.5,194.0,343.0,1.0,5.58659217877095,1.0,8.0,103.0,67.17142249498666,2.0,2.75,11.095700416088766,2256.0,11.96808510638298,1.584962500721156,0.1875,0.5,bot_sim_20260328200700,2026-03-28 20:04:30+00:00,30000,
23.0,1.0,1.0,1.0,15.0,195.4014047565079,174.62085211278023,542.2583777790377,0.0,0.0,1.0023527037672524,0.0593115247621836,-0.1274131274131274,0.21428571428571427,3.0,280.0,31.0,249.0,311.0,1.0,5.357142857142857,1.0,5.0,103.0,36.871398129173244,0.0,2.321928094887362,12.135922330097086,2284.0,10.070052539404553,1.584962500721156,0.2,0.3333333333333333,bot_sim_20260328200700,2026-03-28 20:04:33+00:00,33000,
32.0,1.0,1.0,1.0,18.0,198.9330379232268,183.3519536741753,677.8343894045651,0.0,0.0,1.004278175540763,0.09920880901766756,-0.39514066496163686,0.17647058823529413,3.0,240.0,38.0,202.0,278.0,1.0,6.25,1.0,11.0,73.0,105.51492785383498,5.0,2.8453509366224368,13.75,2218.0,14.427412082957618,1.584962500721156,0.16666666666666666,0.6111111111111112,bot_sim_20260328200700,2026-03-28 20:04:36+00:00,36000,
30.0,1.0,1.0,1.0,21.0,244.26206285128495,485.53424644373774,2280.3508501982756,0.0,0.0,1.0035840502808908,0.08978540251925966,-0.3306930693069307,0.25,3.0,273.0,64.0,209.0,337.0,1.0,5.4945054945054945,1.0,6.0,92.0,51.3926064721376,1.0,2.584962500721156,13.043478260869565,2276.0,13.181019332161688,1.584962500721156,0.14285714285714285,0.2857142857142857,bot_sim_20260328200700,2026-03-28 20:04:39+00:00,39000,
24.0,1.0,1.0,1.0,15.0,274.93104347122056,263.43793474886616,867.0148082014537,0.0,0.0,1.0038872864081305,0.08812852101619918,-0.25918367346938775,0.14285714285714285,3.0,278.5,22.5,256.0,301.0,1.0,5.3859964093357275,1.0,6.0,71.0,28.684490582891655,1.0,2.584962500721156,16.901408450704224,2285.0,10.50328227571116,1.584962500721156,0.2,0.4,bot_sim_20260328200700,2026-03-28 20:04:42+00:00,42000,
27.0,1.0,1.0,1.0,15.0,166.4649559069102,171.5138239923567,636.4940327604118,0.0,0.0,1.0030439414711794,0.058800639560725114,-0.48379970544919,0.21428571428571427,3.0,232.0,30.0,202.0,262.0,1.0,6.4655172413793105,1.0,9.0,79.0,56.167161224331075,2.0,2.94770277922009,14.240506329113924,2180.0,12.385321100917432,1.584962500721156,0.2,0.6,bot_sim_20260328200700,2026-03-28 20:04:00+00:00,0,
29.0,1.0,1.0,1.0,18.0,172.95294992841366,140.0272131694005,400.0,0.0,0.0,1.0028668325677461,0.06192804766483928,-0.4796380090497738,0.23529411764705882,3.0,281.0,85.0,196.0,366.0,1.0,5.338078291814947,1.0,8.0,72.0,50.50035360555126,1.0,2.75,15.873015873015872,2309.0,12.559549588566478,1.584962500721156,0.16666666666666666,0.4444444444444444,bot_sim_20260328200700,2026-03-28 20:04:03+00:00,3000,
24.0,1.0,1.0,1.0,16.0,113.19236876266888,90.6621355311479,227.5849656427275,0.0,0.0,1.0043444306281595,0.07505953341402717,-0.24838709677419354,0.26666666666666666,3.0,250.0,76.0,174.0,326.0,1.0,6.0,1.0,5.0,70.0,40.76763422127902,1.0,2.321928094887362,17.857142857142858,2238.0,10.723860589812332,1.584962500721156,0.1875,0.3125,bot_sim_20260328200700,2026-03-28 20:04:06+00:00,6000,
31.0,1.0,1.0,1.0,21.0,451.2502891394238,1117.8774363969435,5249.761899362676,0.0,0.0,1.0035089688212808,0.08836702473116505,-0.2900990099009901,0.2,3.0,233.5,24.5,209.0,258.0,1.0,6.423982869379015,1.0,7.0,77.0,30.69744831958079,1.0,2.5216406363433186,15.151515151515152,2178.0,14.233241505968778,1.584962500721156,0.14285714285714285,0.3333333333333333,bot_sim_20260328200700,2026-03-28 20:04:09+00:00,9000,
26.0,1.0,1.0,1.0,17.0,158.27984342691835,143.67746009547432,440.1801601483227,0.0,0.0,1.0033891072597156,0.07506251595818983,-0.9134615384615384,0.25,3.0,237.5,52.5,185.0,290.0,1.0,6.315789473684211,1.0,6.0,101.0,65.6505902486794,1.0,2.584962500721156,11.881188118811881,2207.0,11.780697779791574,1.584962500721156,0.17647058823529413,0.35294117647058826,bot_sim_20260328200700,2026-03-28 20:04:12+00:00,12000,
31.0,1.0,1.0,1.0,17.0,148.23843920894132,138.93176873636617,455.9976801448892,0.0,0.0,1.0040143493625877,0.08352645204564213,-0.45345744680851063,0.25,3.0,256.5,32.5,224.0,289.0,1.0,5.847953216374268,1.0,11.0,70.0,73.23250644351864,3.0,2.8453509366224368,15.714285714285715,2229.0,13.907581875280396,1.584962500721156,0.17647058823529413,0.6470588235294118,bot_sim_20260328200700,2026-03-28 20:04:15+00:00,15000,
29.0,1.0,1.0,1.0,20.0,234.60830507847865,269.08948554869295,850.0919067959652,0.0,0.0,1.0016028298581292,0.0619574581567755,-0.3944710260499734,0.21052631578947367,3.0,251.5,11.5,240.0,263.0,1.0,5.964214711729622,1.0,6.0,82.0,33.27461494893667,1.0,2.584962500721156,14.634146341463415,2217.0,13.080739738385205,1.584962500721156,0.15,0.3,bot_sim_20260328200700,2026-03-28 20:04:18+00:00,18000,
33.0,1.0,1.0,1.0,19.0,312.3410551946232,850.0851470441496,3795.8086444532637,0.0,0.0,1.0062396918405783,0.09593498863117766,-0.33434343434343433,0.2777777777777778,3.0,289.5,10.5,279.0,300.0,1.0,5.181347150259067,1.0,11.0,94.0,67.73625321790392,2.0,2.8453509366224368,11.702127659574467,2305.0,14.316702819956616,1.584962500721156,0.15789473684210525,0.5789473684210527,bot_sim_20260328200700,2026-03-28 20:04:21+00:00,21000,
29.0,1.0,1.0,1.0,21.0,200.02364730116466,258.1938090204751,832.3038908979345,0.0,0.0,1.0058871518427528,0.13648201242793165,-0.32894736842105265,0.25,3.0,245.5,24.5,221.0,270.0,1.0,6.109979633401222,1.0,5.0,105.0,19.4164878389476,0.0,2.321928094887362,11.904761904761903,2280.0,12.719298245614034,1.584962500721156,0.14285714285714285,0.23809523809523808,bot_sim_20260328200700,2026-03-28 20:04:24+00:00,24000,
29.0,1.0,1.0,1.0,17.0,343.96443037840197,767.8439988585236,3282.9526005987013,0.0,0.0,1.0033742099622558,0.10148701947727391,-0.28714622641509435,0.1875,3.0,299.0,3.0,296.0,302.0,1.0,5.016722408026756,1.0,9.0,94.0,93.3354166434157,2.0,2.94770277922009,11.96808510638298,2319.0,12.505390254420009,1.584962500721156,0.17647058823529413,0.5294117647058824,bot_sim_20260328200700,2026-03-28 20:04:27+00:00,27000,
27.0,1.0,1.0,1.0,16.0,82.9802184612042,77.39697461786166,243.25212770525997,0.0,0.0,1.0059974065759778,0.12358197044478716,-0.4628415300546448,0.3333333333333333,3.0,268.5,74.5,194.0,343.0,1.0,5.58659217877095,1.0,8.0,103.0,67.17142249498666,2.0,2.75,11.095700416088766,2256.0,11.96808510638298,1.584962500721156,0.1875,0.5,bot_sim_20260328200700,2026-03-28 20:04:30+00:00,30000,
23.0,1.0,1.0,1.0,15.0,195.4014047565079,174.62085211278023,542.2583777790377,0.0,0.0,1.0023527037672524,0.0593115247621836,-0.1274131274131274,0.21428571428571427,3.0,280.0,31.0,249.0,311.0,1.0,5.357142857142857,1.0,5.0,103.0,36.871398129173244,0.0,2.321928094887362,12.135922330097086,2284.0,10.070052539404553,1.584962500721156,0.2,0.3333333333333333,bot_sim_20260328200700,2026-03-28 20:04:33+00:00,33000,
32.0,1.0,1.0,1.0,18.0,198.9330379232268,183.3519536741753,677.8343894045651,0.0,0.0,1.004278175540763,0.09920880901766756,-0.39514066496163686,0.17647058823529413,3.0,240.0,38.0,202.0,278.0,1.0,6.25,1.0,11.0,73.0,105.51492785383498,5.0,2.8453509366224368,13.75,2218.0,14.427412082957618,1.584962500721156,0.16666666666666666,0.6111111111111112,bot_sim_20260328200700,2026-03-28 20:04:36+00:00,36000,
30.0,1.0,1.0,1.0,21.0,244.26206285128495,485.53424644373774,2280.3508501982756,0.0,0.0,1.0035840502808908,0.08978540251925966,-0.3306930693069307,0.25,3.0,273.0,64.0,209.0,337.0,1.0,5.4945054945054945,1.0,6.0,92.0,51.3926064721376,1.0,2.584962500721156,13.043478260869565,2276.0,13.181019332161688,1.584962500721156,0.14285714285714285,0.2857142857142857,bot_sim_20260328200700,2026-03-28 20:04:39+00:00,39000,
24.0,1.0,1.0,1.0,15.0,274.93104347122056,263.43793474886616,867.0148082014537,0.0,0.0,1.0038872864081305,0.08812852101619918,-0.25918367346938775,0.14285714285714285,3.0,278.5,22.5,256.0,301.0,1.0,5.3859964093357275,1.0,6.0,71.0,28.684490582891655,1.0,2.584962500721156,16.901408450704224,2285.0,10.50328227571116,1.584962500721156,0.2,0.4,bot_sim_20260328200700,2026-03-28 20:04:42+00:00,42000,
27.0,1.0,1.0,1.0,15.0,166.4649559069102,171.5138239923567,636.4940327604118,0.0,0.0,1.0030439414711794,0.058800639560725114,-0.48379970544919,0.21428571428571427,3.0,232.0,30.0,202.0,262.0,1.0,6.4655172413793105,1.0,9.0,79.0,56.167161224331075,2.0,2.94770277922009,14.240506329113924,2180.0,12.385321100917432,1.584962500721156,0.2,0.6,bot_sim_20260328200700,2026-03-28 20:04:00+00:00,0,
29.0,1.0,1.0,1.0,18.0,172.95294992841366,140.0272131694005,400.0,0.0,0.0,1.0028668325677461,0.06192804766483928,-0.4796380090497738,0.23529411764705882,3.0,281.0,85.0,196.0,366.0,1.0,5.338078291814947,1.0,8.0,72.0,50.50035360555126,1.0,2.75,15.873015873015872,2309.0,12.559549588566478,1.584962500721156,0.16666666666666666,0.4444444444444444,bot_sim_20260328200700,2026-03-28 20:04:03+00:00,3000,
24.0,1.0,1.0,1.0,16.0,113.19236876266888,90.6621355311479,227.5849656427275,0.0,0.0,1.0043444306281595,0.07505953341402717,-0.24838709677419354,0.26666666666666666,3.0,250.0,76.0,174.0,326.0,1.0,6.0,1.0,5.0,70.0,40.76763422127902,1.0,2.321928094887362,17.857142857142858,2238.0,10.723860589812332,1.584962500721156,0.1875,0.3125,bot_sim_20260328200700,2026-03-28 20:04:06+00:00,6000,
31.0,1.0,1.0,1.0,21.0,451.2502891394238,1117.8774363969435,5249.761899362676,0.0,0.0,1.0035089688212808,0.08836702473116505,-0.2900990099009901,0.2,3.0,233.5,24.5,209.0,258.0,1.0,6.423982869379015,1.0,7.0,77.0,30.69744831958079,1.0,2.5216406363433186,15.151515151515152,2178.0,14.233241505968778,1.584962500721156,0.14285714285714285,0.3333333333333333,bot_sim_20260328200700,2026-03-28 20:04:09+00:00,9000,
26.0,1.0,1.0,1.0,17.0,158.27984342691835,143.67746009547432,440.1801601483227,0.0,0.0,1.0033891072597156,0.07506251595818983,-0.9134615384615384,0.25,3.0,237.5,52.5,185.0,290.0,1.0,6.315789473684211,1.0,6.0,101.0,65.6505902486794,1.0,2.584962500721156,11.881188118811881,2207.0,11.780697779791574,1.584962500721156,0.17647058823529413,0.35294117647058826,bot_sim_20260328200700,2026-03-28 20:04:12+00:00,12000,
31.0,1.0,1.0,1.0,17.0,148.23843920894132,138.93176873636617,455.9976801448892,0.0,0.0,1.0040143493625877,0.08352645204564213,-0.45345744680851063,0.25,3.0,256.5,32.5,224.0,289.0,1.0,5.847953216374268,1.0,11.0,70.0,73.23250644351864,3.0,2.8453509366224368,15.714285714285715,2229.0,13.907581875280396,1.584962500721156,0.17647058823529413,0.6470588235294118,bot_sim_20260328200700,2026-03-28 20:04:15+00:00,15000,
29.0,1.0,1.0,1.0,20.0,234.60830507847865,269.08948554869295,850.0919067959652,0.0,0.0,1.0016028298581292,0.0619574581567755,-0.3944710260499734,0.21052631578947367,3.0,251.5,11.5,240.0,263.0,1.0,5.964214711729622,1.0,6.0,82.0,33.27461494893667,1.0,2.584962500721156,14.634146341463415,2217.0,13.080739738385205,1.584962500721156,0.15,0.3,bot_sim_20260328200700,2026-03-28 20:04:18+00:00,18000,
33.0,1.0,1.0,1.0,19.0,312.3410551946232,850.0851470441496,3795.8086444532637,0.0,0.0,1.0062396918405783,0.09593498863117766,-0.33434343434343433,0.2777777777777778,3.0,289.5,10.5,279.0,300.0,1.0,5.181347150259067,1.0,11.0,94.0,67.73625321790392,2.0,2.8453509366224368,11.702127659574467,2305.0,14.316702819956616,1.584962500721156,0.15789473684210525,0.5789473684210527,bot_sim_20260328200700,2026-03-28 20:04:21+00:00,21000,
29.0,1.0,1.0,1.0,21.0,200.02364730116466,258.1938090204751,832.3038908979345,0.0,0.0,1.0058871518427528,0.13648201242793165,-0.32894736842105265,0.25,3.0,245.5,24.5,221.0,270.0,1.0,6.109979633401222,1.0,5.0,105.0,19.4164878389476,0.0,2.321928094887362,11.904761904761903,2280.0,12.719298245614034,1.584962500721156,0.14285714285714285,0.23809523809523808,bot_sim_20260328200700,2026-03-28 20:04:24+00:00,24000,
29.0,1.0,1.0,1.0,17.0,343.96443037840197,767.8439988585236,3282.9526005987013,0.0,0.0,1.0033742099622558,0.10148701947727391,-0.28714622641509435,0.1875,3.0,299.0,3.0,296.0,302.0,1.0,5.016722408026756,1.0,9.0,94.0,93.3354166434157,2.0,2.94770277922009,11.96808510638298,2319.0,12.505390254420009,1.584962500721156,0.17647058823529413,0.5294117647058824,bot_sim_20260328200700,2026-03-28 20:04:27+00:00,27000,
27.0,1.0,1.0,1.0,16.0,82.9802184612042,77.39697461786166,243.25212770525997,0.0,0.0,1.0059974065759778,0.12358197044478716,-0.4628415300546448,0.3333333333333333,3.0,268.5,74.5,194.0,343.0,1.0,5.58659217877095,1.0,8.0,103.0,67.17142249498666,2.0,2.75,11.095700416088766,2256.0,11.96808510638298,1.584962500721156,0.1875,0.5,bot_sim_20260328200700,2026-03-28 20:04:30+00:00,30000,
23.0,1.0,1.0,1.0,15.0,195.4014047565079,174.62085211278023,542.2583777790377,0.0,0.0,1.0023527037672524,0.0593115247621836,-0.1274131274131274,0.21428571428571427,3.0,280.0,31.0,249.0,311.0,1.0,5.357142857142857,1.0,5.0,103.0,36.871398129173244,0.0,2.321928094887362,12.135922330097086,2284.0,10.070052539404553,1.584962500721156,0.2,0.3333333333333333,bot_sim_20260328200700,2026-03-28 20:04:33+00:00,33000,
32.0,1.0,1.0,1.0,18.0,198.9330379232268,183.3519536741753,677.8343894045651,0.0,0.0,1.004278175540763,0.09920880901766756,-0.39514066496163686,0.17647058823529413,3.0,240.0,38.0,202.0,278.0,1.0,6.25,1.0,11.0,73.0,105.51492785383498,5.0,2.8453509366224368,13.75,2218.0,14.427412082957618,1.584962500721156,0.16666666666666666,0.6111111111111112,bot_sim_20260328200700,2026-03-28 20:04:36+00:00,36000,
30.0,1.0,1.0,1.0,21.0,244.26206285128495,485.53424644373774,2280.3508501982756,0.0,0.0,1.0035840502808908,0.08978540251925966,-0.3306930693069307,0.25,3.0,273.0,64.0,209.0,337.0,1.0,5.4945054945054945,1.0,6.0,92.0,51.3926064721376,1.0,2.584962500721156,13.043478260869565,2276.0,13.181019332161688,1.584962500721156,0.14285714285714285,0.2857142857142857,bot_sim_20260328200700,2026-03-28 20:04:39+00:00,39000,
24.0,1.0,1.0,1.0,15.0,274.93104347122056,263.43793474886616,867.0148082014537,0.0,0.0,1.0038872864081305,0.08812852101619918,-0.25918367346938775,0.14285714285714285,3.0,278.5,22.5,256.0,301.0,1.0,5.3859964093357275,1.0,6.0,71.0,28.684490582891655,1.0,2.584962500721156,16.901408450704224,2285.0,10.50328227571116,1.584962500721156,0.2,0.4,bot_sim_20260328200700,2026-03-28 20:04:42+00:00,42000,
37.0,1.0,1.0,1.0,21.0,67.5455388533906,41.03279929315048,131.55474998819489,0.0,0.0,3.3088824602010494,0.9078046248304783,0.37797619047619047,0.1,1.0,0.0,0.0,0.0,0.0,0.0,0.0,1.0,15.0,149.64285714285714,56.01862846137771,0.0,3.3232314287976203,7.159904534606206,10425.0,3.54916067146283,1.584962500721156,0.047619047619047616,0.7142857142857143,human_sim_20260328200713_0,2026-03-28 19:57:13+00:00,0,
35.0,1.0,1.0,1.0,20.0,92.72186424319999,82.2810618680619,314.3163067462975,0.0,0.0,1.545316522610056,0.6510197468705844,0.27089337175792505,0.05263157894736842,4.0,1943.6666666666667,483.7715255044357,1490.0,2614.0,0.0,0.6859886811867605,1.0,11.0,174.9,36.55256488948485,0.0,2.8453509366224368,6.289308176100629,13349.0,2.6219192448872577,1.584962500721156,0.2,0.55,human_sim_20260328200713_0,2026-03-28 19:57:17+00:00,4000,
17.0,1.0,0.0,1.0,12.0,262.0605297214333,113.18835327776767,437.5,0.0,0.0,1.0712199852037845,0.2231546837187942,0.0,0.0,0.0,0.0,0.0,0.0,0.0,0.0,0.0,0.0,5.0,222.25,37.47916087641237,0.0,2.321928094887362,5.624296962879639,3400.0,5.0,1.584962500721156,0.0,0.4166666666666667,human_sim_20260328200713_0,2026-03-28 19:57:19+00:00,6000,
32.0,1.0,1.0,1.0,14.0,61.27106654971699,67.36177122051124,218.542377984355,0.0,0.0,2.0512248304139717,1.0390671194519565,0.3665562913907285,0.15384615384615385,3.0,1984.0,112.0,1872.0,2096.0,0.0,0.7560483870967741,1.0,15.0,180.21428571428572,56.35750497801458,0.0,3.7735572622751845,5.945303210463734,13888.0,2.304147465437788,1.584962500721156,0.21428571428571427,1.0714285714285714,human_sim_20260328200713_0,2026-03-28 19:57:31+00:00,18000,
25.0,1.0,1.0,1.0,9.0,137.710464603364,130.62137569291693,363.9630967590933,0.0,0.0,1.2547495275568417,0.6466516720483687,0.0,0.0,4.0,1471.0,266.534550605858,1207.0,1836.0,0.0,0.9064128710627691,0.5,12.0,179.72727272727272,65.33840706672095,0.0,2.8553885422075336,6.0698027314112295,13126.0,1.9046167911016305,1.584962500721156,0.4444444444444444,1.3333333333333333,human_sim_20260328200713_0,2026-03-28 19:57:25+00:00,12000,
25.0,1.0,1.0,1.0,19.0,96.63578823926004,64.55023912212496,210.5204451418545,0.0,0.0,1.730742799343884,0.8812326558923911,0.2875589769058853,0.05555555555555555,2.0,1109.0,0.0,1109.0,1109.0,0.0,1.8034265103697023,1.0,4.0,204.66666666666666,35.97530016861878,0.0,1.5,6.514657980456026,7216.0,3.4645232815964526,1.584962500721156,0.10526315789473684,0.21052631578947367,human_sim_20260328200713_0,2026-03-28 19:57:28+00:00,15000,
36.0,1.0,1.0,1.0,20.0,71.17943798481727,50.90416847946742,221.3081427589522,0.0,0.0,1.1826395480043643,1.1288197989060842,0.26658551430310407,0.10526315789473684,1.0,0.0,0.0,0.0,0.0,0.0,0.0,1.0,15.0,201.21428571428572,71.3614327324827,0.0,3.7735572622751845,5.324813631522897,7737.0,4.652966265994571,1.584962500721156,0.05,0.75,human_sim_20260328200713_0,2026-03-28 19:57:43+00:00,30000,
36.0,1.0,1.0,1.0,25.0,68.01140642831417,49.61746475090735,172.42255906456464,1.0,1681.0,1.8364325390357765,1.1957795424394149,0.48648086522462564,0.125,3.0,1712.5,1189.5,523.0,2902.0,0.0,0.875912408759124,1.0,8.0,202.42857142857142,71.99773239059515,1.0,2.75,5.6457304163726185,11325.0,3.1788079470198674,1.584962500721156,0.12,0.32,human_sim_20260328200713_0,2026-03-28 19:57:41+00:00,28000,
31.0,1.0,1.0,1.0,25.0,99.88429038256557,74.44370106418648,246.41547136920676,0.0,0.0,1.3065184851386162,0.5969763760003564,0.21870440618616865,0.041666666666666664,1.0,0.0,0.0,0.0,0.0,0.0,0.0,0.0,5.0,174.75,43.739998856881556,0.0,2.321928094887362,7.15307582260372,9564.0,3.241321622751987,1.584962500721156,0.04,0.2,human_sim_20260328200713_0,2026-03-28 19:57:53+00:00,40000,
35.0,1.0,1.0,1.0,17.0,151.03266179903045,82.44408919020988,392.76760199632,0.0,0.0,1.2807283720266267,0.5579420006186613,0.0,0.0,3.0,1651.5,588.5,1063.0,2240.0,0.0,0.9082652134423251,1.0,15.0,211.14285714285714,51.27078971062393,0.0,3.3232314287976203,5.074424898511502,12323.0,2.84021747950986,1.584962500721156,0.17647058823529413,0.8823529411764706,human_sim_20260328200713_0,2026-03-28 19:57:40+00:00,27000,
32.0,1.0,1.0,1.0,17.0,106.96742224879134,102.74410072262262,335.6687121182222,0.0,0.0,1.5091353326833963,0.8554702633319559,0.3654041258031789,0.125,4.0,836.6666666666666,239.3272979740413,504.0,1057.0,0.0,1.5936254980079683,0.75,11.0,160.1,46.410020469721836,0.0,3.277613436819116,6.870705808869456,12953.0,2.4704701613525826,1.584962500721156,0.23529411764705882,0.6470588235294118,human_sim_20260328200713_1,2026-03-28 20:06:13+00:00,0,
30.0,1.0,1.0,1.0,25.0,76.09981329920048,45.76909455766604,171.5435500323987,0.0,0.0,1.5814513414678912,0.891278693532235,0.0,0.0,1.0,0.0,0.0,0.0,0.0,0.0,0.0,1.0,4.0,157.66666666666666,39.228674319799396,0.0,1.5,8.456659619450317,8378.0,3.5808068751492,1.584962500721156,0.04,0.16,human_sim_20260328200713_1,2026-03-28 20:06:17+00:00,4000,
27.0,1.0,1.0,1.0,9.0,254.01188706896824,90.21955625570747,388.5936174075019,0.0,0.0,1.0128029248928956,0.06085769232196525,0.0,0.0,3.0,2648.0,243.0,2405.0,2891.0,0.0,0.5664652567975831,1.0,15.0,184.92857142857142,65.05652957863896,1.0,3.3232314287976203,5.793742757821553,12233.0,2.2071446088449274,1.584962500721156,0.3333333333333333,1.6666666666666667,human_sim_20260328200713_1,2026-03-28 20:06:21+00:00,8000,
39.0,1.0,1.0,1.0,25.0,112.89493915159449,72.74455705699484,306.8757675877491,0.0,0.0,1.214898295561805,0.6652436142750756,0.0,0.0,2.0,1304.0,0.0,1304.0,1304.0,0.0,1.5337423312883436,1.0,12.0,187.8181818181818,62.63576988767271,0.0,3.0849625007211556,5.808325266214908,12042.0,3.238664673642252,1.584962500721156,0.08,0.48,human_sim_20260328200713_1,2026-03-28 20:06:22+00:00,9000,
25.0,1.0,1.0,1.0,12.0,90.28028790932943,50.441863101312144,167.73090505239423,0.0,0.0,1.1325425528252,0.44817687556736285,0.0,0.0,4.0,1153.0,509.62796888187626,717.0,1868.0,0.0,1.1564035848511132,1.0,9.0,181.375,60.16422836702886,0.0,2.94770277922009,6.202618883528601,9970.0,2.507522567703109,1.584962500721156,0.3333333333333333,0.75,human_sim_20260328200713_1,2026-03-28 20:06:37+00:00,24000,
31.0,1.0,1.0,1.0,19.0,133.47792404037347,89.05845045498143,359.1862426993055,0.0,0.0,1.1422482681504054,0.33012863359942585,0.0,0.0,4.0,2289.6666666666665,546.5420589691357,1536.0,2815.0,0.0,0.5823263939438055,0.75,8.0,197.71428571428572,54.52840488016783,0.0,2.75,5.780346820809248,16037.0,1.9330298684292573,1.584962500721156,0.21052631578947367,0.42105263157894735,human_sim_20260328200713_1,2026-03-28 20:06:28+00:00,15000,
28.0,1.0,0.0,1.0,13.0,70.51129352570395,41.86772717748437,155.99439607556062,0.0,0.0,1.5898095140530653,1.2433390772556232,0.0,0.0,0.0,0.0,0.0,0.0,0.0,0.0,0.0,0.0,15.0,181.57142857142858,75.68328206198163,0.0,3.7735572622751845,5.900865460267506,5849.0,4.787143101384852,1.584962500721156,0.0,1.1538461538461537,human_sim_20260328200713_1,2026-03-28 20:06:43+00:00,30000,
28.0,1.0,1.0,1.0,22.0,76.50449435353173,59.6671450085129,242.9563289518875,0.0,0.0,1.4405056803645846,0.8675421733697555,0.4615116076104032,0.09523809523809523,4.0,1734.6666666666667,855.1313089552713,1127.0,2944.0,0.0,0.7686395080707148,1.0,2.0,308.0,0.0,0.0,1.0,6.493506493506494,12737.0,2.198319855538981,1.584962500721156,0.18181818181818182,0.09090909090909091,human_sim_20260328200713_1,2026-03-28 20:06:34+00:00,21000,
20.0,1.0,1.0,1.0,12.0,211.33172916937895,120.38713771134117,386.9852939434932,0.0,0.0,1.0650769842299148,0.275797733255469,0.0,0.0,1.0,0.0,0.0,0.0,0.0,0.0,0.0,1.0,7.0,180.0,49.628620774710235,0.0,2.5216406363433186,6.481481481481481,7870.0,2.5412960609911055,1.584962500721156,0.08333333333333333,0.5833333333333334,human_sim_20260328200713_1,2026-03-28 20:06:53+00:00,40000,
31.0,1.0,1.0,1.0,23.0,123.54947379370691,70.72836456743339,274.72855429807953,0.0,0.0,1.1412158164793473,0.3159215606983696,0.32573454913880445,0.045454545454545456,3.0,1970.0,950.0,1020.0,2920.0,0.0,0.7614213197969543,0.6666666666666666,5.0,170.25,34.10553474144629,0.0,2.321928094887362,7.342143906020558,11902.0,2.60460426819022,1.584962500721156,0.13043478260869565,0.21739130434782608,human_sim_20260328200713_1,2026-03-28 20:06:49+00:00,36000,
28.0,1.0,1.0,1.0,16.0,82.22260810122766,67.70551191429767,203.2649858985314,0.0,0.0,1.5745748176136136,0.4974690614036645,0.5985182849936949,0.2,1.0,0.0,0.0,0.0,0.0,0.0,0.0,1.0,11.0,189.0,50.121851522065704,0.0,2.8453509366224368,5.82010582010582,9887.0,2.832001618286639,1.584962500721156,0.0625,0.6875,human_sim_20260328200713_2,2026-03-28 20:06:13+00:00,0,
33.0,1.0,1.0,1.0,17.0,157.03505860084974,57.50233272405303,265.1140643723521,0.0,0.0,1.1074948882944322,0.15421186485671776,0.0,0.0,1.0,0.0,0.0,0.0,0.0,0.0,0.0,1.0,15.0,203.78571428571428,37.32325696136501,0.0,3.3232314287976203,5.257623554153523,9321.0,3.5403926617315737,1.584962500721156,0.058823529411764705,0.8823529411764706,human_sim_20260328200713_2,2026-03-28 20:06:16+00:00,3000,
17.0,1.0,1.0,1.0,12.0,202.72453545127317,108.21585450486326,345.3812944797057,0.0,0.0,1.137887863661433,0.6024805465676979,0.0,0.0,1.0,0.0,0.0,0.0,0.0,0.0,0.0,1.0,4.0,157.33333333333334,43.05293898859351,0.0,1.5,8.474576271186441,5397.0,3.1498980915323327,1.584962500721156,0.08333333333333333,0.3333333333333333,human_sim_20260328200713_2,2026-03-28 20:06:19+00:00,6000,
18.0,1.0,0.0,1.0,14.0,137.53602348961428,105.322897938634,382.7531841800928,0.0,0.0,1.2845855838916136,0.9699317700764225,0.0,0.0,0.0,0.0,0.0,0.0,0.0,0.0,0.0,0.0,4.0,192.33333333333334,65.17838769271776,0.0,1.5,6.932409012131715,3025.0,5.950413223140496,1.584962500721156,0.0,0.2857142857142857,human_sim_20260328200713_2,2026-03-28 20:06:22+00:00,9000,
35.0,1.0,1.0,1.0,20.0,93.72205049590472,62.820183179733455,214.12087909648582,0.0,0.0,1.3768152750287976,1.1709041366850919,0.018611309949892626,0.05263157894736842,4.0,2202.6666666666665,414.7371322764443,1617.0,2523.0,0.0,0.6053268765133172,0.75,11.0,174.0,67.12972515957442,1.0,3.277613436819116,6.32183908045977,14680.0,2.3841961852861036,1.584962500721156,0.2,0.55,human_sim_20260328200713_2,2026-03-28 20:06:37+00:00,24000,
20.0,1.0,1.0,1.0,10.0,266.44169704820035,144.22601248027263,478.60474297691616,0.0,0.0,1.1875799906703755,0.20802101375954377,0.0,0.0,3.0,2415.5,86.5,2329.0,2502.0,0.0,0.6209894431794659,1.0,7.0,170.66666666666666,59.82938705649219,0.0,2.5216406363433186,6.8359375,12294.0,1.6268098259313486,1.584962500721156,0.3,0.7,human_sim_20260328200713_2,2026-03-28 20:06:43+00:00,30000,
38.0,1.0,1.0,1.0,22.0,58.16595512398934,42.71641620652147,153.34695454533326,0.0,0.0,1.5808021721640417,0.8910811163303585,0.24338807260155576,0.047619047619047616,1.0,0.0,0.0,0.0,0.0,0.0,0.0,0.0,15.0,186.07142857142858,55.057715543022006,0.0,3.3232314287976203,5.758157389635317,10902.0,3.485598972665566,1.584962500721156,0.045454545454545456,0.6818181818181818,human_sim_20260328200713_2,2026-03-28 20:06:43+00:00,30000,
12.0,1.0,1.0,1.0,8.0,172.58029539661578,78.48448853348155,334.2244681478775,0.0,0.0,1.2799889566526776,0.8133129118659379,0.0,0.0,2.0,2406.0,0.0,2406.0,2406.0,0.0,0.8312551953449709,1.0,2.0,161.0,0.0,0.0,1.0,12.422360248447204,5580.0,2.150537634408602,0.9182958340544896,0.25,0.25,human_sim_20260328200713_2,2026-03-28 20:06:55+00:00,42000,
35.0,1.0,1.0,1.0,22.0,65.83885546092662,52.00537498752521,246.53853654145024,1.0,1019.0,7.4851119296027475,0.933332769602057,0.6103733791595063,0.19047619047619047,2.0,621.0,0.0,621.0,621.0,0.0,3.2206119162640903,1.0,11.0,184.9,68.16516705766956,1.0,3.277613436819116,5.949161709031909,11341.0,3.0861476060312145,1.584962500721156,0.09090909090909091,0.5,human_sim_20260328200713_2,2026-03-28 20:06:53+00:00,40000,
24.0,1.0,0.0,1.0,15.0,99.55621730496833,83.07066161599691,347.37838901168647,0.0,0.0,2.082404279822814,0.88787690888618,0.0,0.0,0.0,0.0,0.0,0.0,0.0,0.0,0.0,0.0,9.0,161.375,65.05178225844392,0.0,2.94770277922009,6.971340046475601,7017.0,3.4202650705429667,1.584962500721156,0.0,0.6,human_sim_20260328200713_2,2026-03-28 20:06:58+00:00,45000,
28.0,1.0,1.0,1.0,19.0,238.25489526764557,14.552100875103958,263.97866701639725,0.0,0.0,1.0012221006887472,0.04464910009021129,0.0,0.0,3.0,259.5,3.5,256.0,263.0,1.0,5.780346820809248,1.0,6.0,88.4,13.047605144240073,0.0,2.584962500721156,13.574660633484163,2096.0,13.358778625954198,1.584962500721156,0.15789473684210525,0.3157894736842105,human_sim_20260328200713_3,2026-03-28 20:03:13+00:00,0,
29.0,1.0,1.0,1.0,20.0,237.74337073489173,15.597806851574122,273.9243351667304,0.0,0.0,1.0005552928633112,0.031318201340788214,0.0,0.0,3.0,245.0,6.0,239.0,251.0,1.0,6.122448979591836,1.0,6.0,73.8,5.844655678480984,0.0,2.584962500721156,16.260162601626018,2100.0,13.80952380952381,1.584962500721156,0.15,0.3,human_sim_20260328200713_3,2026-03-28 20:03:17+00:00,4000,
28.0,1.0,1.0,1.0,18.0,242.31948809409946,14.014044110159096,273.9243351667304,0.0,0.0,1.001760172595853,0.04272111717750541,0.0,0.0,3.0,232.5,11.5,221.0,244.0,1.0,6.451612903225806,1.0,7.0,90.66666666666667,15.412837362262522,0.0,2.5216406363433186,12.867647058823529,2077.0,13.480982185844969,1.584962500721156,0.16666666666666666,0.3888888888888889,human_sim_20260328200713_3,2026-03-28 20:03:23+00:00,10000,
29.0,1.0,1.0,1.0,20.0,241.0372043597048,19.419761015935908,273.9243351667304,0.0,0.0,1.0009983402385505,0.04387790519045521,0.0,0.0,3.0,240.5,13.5,227.0,254.0,1.0,6.237006237006238,1.0,6.0,71.8,10.457533169921097,0.0,2.584962500721156,16.71309192200557,2083.0,13.922227556409025,1.584962500721156,0.15,0.3,human_sim_20260328200713_3,2026-03-28 20:03:28+00:00,15000,
27.0,1.0,1.0,1.0,17.0,239.13459742320833,17.65826830922079,274.7533064864543,0.0,0.0,1.0012485372641444,0.05291951660673726,0.0,0.0,3.0,239.0,3.0,236.0,242.0,1.0,6.2761506276150625,1.0,7.0,76.83333333333333,4.13991411612474,0.0,2.5216406363433186,15.184381778741864,2049.0,13.177159590043924,1.584962500721156,0.17647058823529413,0.4117647058823529,human_sim_20260328200713_3,2026-03-28 20:03:25+00:00,12000,
26.0,1.0,1.0,1.0,18.0,236.57054703849025,13.619333800253346,260.49667167816517,0.0,0.0,1.0007968149563058,0.03264100874662732,0.0,0.0,3.0,263.0,14.0,249.0,277.0,1.0,5.7034220532319395,1.0,5.0,73.0,16.658331248957683,1.0,2.321928094887362,17.123287671232877,2102.0,12.369172216936251,1.584962500721156,0.16666666666666666,0.2777777777777778,human_sim_20260328200713_3,2026-03-28 20:03:43+00:00,30000,
27.0,1.0,1.0,1.0,17.0,237.2746432387778,18.70561447809519,269.3954853560017,0.0,0.0,1.001482581968875,0.04366524110235352,0.0,0.0,3.0,266.5,3.5,263.0,270.0,1.0,5.628517823639775,1.0,7.0,75.5,17.802153427792568,0.0,2.5216406363433186,15.45253863134658,2098.0,12.869399428026693,1.584962500721156,0.17647058823529413,0.4117647058823529,human_sim_20260328200713_3,2026-03-28 20:03:43+00:00,30000,
29.0,1.0,1.0,1.0,19.0,236.04540787677212,15.599937997636841,274.7533064864543,0.0,0.0,1.001617567704472,0.04983415900873062,0.0,0.0,3.0,232.0,8.0,224.0,240.0,1.0,6.4655172413793105,1.0,7.0,73.66666666666667,6.968181653455623,0.0,2.5216406363433186,15.837104072398189,2098.0,13.822688274547188,1.584962500721156,0.15789473684210525,0.3684210526315789,human_sim_20260328200713_3,2026-03-28 20:03:34+00:00,21000,
27.0,1.0,1.0,1.0,18.0,239.16644399153776,15.542110880862584,269.2582403567252,0.0,0.0,1.0008579409574594,0.03734823181768181,0.0,0.0,3.0,231.0,7.0,224.0,238.0,1.0,6.493506493506494,1.0,6.0,73.2,15.223665787188054,1.0,2.584962500721156,16.393442622950822,2079.0,12.987012987012989,1.584962500721156,0.16666666666666666,0.3333333333333333,human_sim_20260328200713_3,2026-03-28 20:03:37+00:00,24000,
27.0,1.0,1.0,1.0,17.0,239.89162825389715,14.42231371632677,268.3905102138671,0.0,0.0,1.0009468383329914,0.0523242933539282,0.0,0.0,3.0,260.5,18.5,242.0,279.0,1.0,5.758157389635317,1.0,7.0,83.33333333333333,19.533447098644817,1.0,2.5216406363433186,14.0,2099.0,12.863268222963315,1.584962500721156,0.17647058823529413,0.4117647058823529,human_sim_20260328200713_3,2026-03-28 20:03:49+00:00,36000,
26.0,1.0,1.0,1.0,17.0,239.47083018551263,18.3544371684416,271.9780205623487,0.0,0.0,1.0016496725768427,0.06723729937053893,0.0,0.0,3.0,231.5,1.5,230.0,233.0,1.0,6.479481641468682,1.0,6.0,85.4,6.053098380168622,0.0,2.584962500721156,14.05152224824356,2034.0,12.782694198623402,1.584962500721156,0.17647058823529413,0.35294117647058826,human_sim_20260328200713_4,2026-03-28 19:57:13+00:00,0,
26.0,1.0,1.0,1.0,17.0,240.89683670247555,16.23430061874262,270.6062834723029,0.0,0.0,1.0019038930926998,0.055199088340452056,0.0,0.0,3.0,235.5,1.5,234.0,237.0,1.0,6.369426751592357,1.0,6.0,77.8,9.579144011862438,0.0,2.2516291673878226,15.424164524421593,2095.0,12.410501193317423,1.584962500721156,0.17647058823529413,0.35294117647058826,human_sim_20260328200713_4,2026-03-28 19:57:18+00:00,5000,
27.0,1.0,1.0,1.0,19.0,238.53500133040149,15.418905193226994,267.84499486544263,0.0,0.0,1.0011296578818638,0.05175298490706975,0.0,0.0,3.0,262.0,18.0,244.0,280.0,1.0,5.7251908396946565,1.0,5.0,73.75,16.768646337734005,1.0,2.321928094887362,16.949152542372882,2169.0,12.448132780082986,1.584962500721156,0.15789473684210525,0.2631578947368421,human_sim_20260328200713_4,2026-03-28 19:57:19+00:00,6000,
25.0,1.0,1.0,1.0,16.0,238.39875503037138,15.605313934669867,264.2475385149752,0.0,0.0,1.0010424470723234,0.043137972308185155,0.0,0.0,3.0,246.0,4.0,242.0,250.0,1.0,6.097560975609756,1.0,6.0,77.2,13.687950905814938,0.0,2.584962500721156,15.544041450777202,2084.0,11.99616122840691,1.584962500721156,0.1875,0.375,human_sim_20260328200713_4,2026-03-28 19:57:31+00:00,18000,
26.0,1.0,1.0,1.0,17.0,238.22330130685035,11.746610679090175,262.8360574016899,0.0,0.0,1.001127995312574,0.04318195072518414,0.0,0.0,3.0,261.0,13.0,248.0,274.0,1.0,5.747126436781609,1.0,6.0,76.4,17.9510445378535,1.0,2.584962500721156,15.706806282722512,2092.0,12.4282982791587,1.584962500721156,0.17647058823529413,0.35294117647058826,human_sim_20260328200713_4,2026-03-28 19:57:25+00:00,12000,
25.0,1.0,1.0,1.0,17.0,236.47073620584217,10.441743324492187,253.78228946487712,0.0,0.0,1.0016935821408128,0.044998438523591554,0.0,0.0,3.0,227.5,2.5,225.0,230.0,1.0,6.593406593406593,1.0,5.0,77.5,13.46291201783626,0.0,2.321928094887362,16.129032258064516,2006.0,12.46261216350947,1.584962500721156,0.17647058823529413,0.29411764705882354,human_sim_20260328200713_4,2026-03-28 19:57:43+00:00,30000,
28.0,1.0,1.0,1.0,19.0,237.97998275685345,17.317361701749814,266.67431883725425,0.0,0.0,1.0009032468433647,0.034034976929522606,0.0,0.0,3.0,253.0,20.0,233.0,273.0,1.0,5.928853754940711,1.0,6.0,76.6,12.435433245367852,0.0,2.584962500721156,15.665796344647518,2070.0,13.52657004830918,1.584962500721156,0.15789473684210525,0.3157894736842105,human_sim_20260328200713_4,2026-03-28 19:57:49+00:00,36000,
29.0,1.0,1.0,1.0,20.0,238.89326417975835,16.654584960175963,273.9243351667304,0.0,0.0,1.0011481743928714,0.04299499794429795,0.0,0.0,3.0,238.0,4.0,234.0,242.0,1.0,6.302521008403361,1.0,6.0,80.0,15.388307249337076,0.0,2.584962500721156,15.0,2086.0,13.902205177372963,1.584962500721156,0.15,0.3,human_sim_20260328200713_4,2026-03-28 19:57:34+00:00,21000,
26.0,1.0,1.0,1.0,16.0,239.59960521648915,12.340583974204108,268.3905102138671,0.0,0.0,1.0007413695033025,0.025051526892076823,0.0,0.0,3.0,237.0,14.0,223.0,251.0,1.0,6.329113924050633,1.0,7.0,72.16666666666667,16.886056048968,0.0,2.5216406363433186,16.166281755196305,2024.0,12.845849802371541,1.584962500721156,0.1875,0.4375,human_sim_20260328200713_4,2026-03-28 19:58:01+00:00,48000,
27.0,1.0,1.0,1.0,18.0,239.67276166100862,17.226778168579557,268.0412371134021,0.0,0.0,1.0007240977098315,0.033086904452374964,0.0,0.0,3.0,248.0,4.0,244.0,252.0,1.0,6.048387096774193,1.0,6.0,84.2,9.495261976375375,0.0,2.584962500721156,14.251781472684087,2063.0,13.087736306349976,1.584962500721156,0.16666666666666666,0.3333333333333333,human_sim_20260328200713_4,2026-03-28 19:57:49+00:00,36000,
26.0,1.0,1.0,1.0,19.0,107.95167293149183,77.0284686418388,294.59627531696646,0.0,0.0,1.3371926490998152,0.7390971199350816,0.18106995884773663,0.05555555555555555,2.0,992.0,0.0,992.0,992.0,0.0,2.0161290322580645,1.0,5.0,135.75,54.63686941983408,0.0,2.321928094887362,9.208103130755065,9711.0,2.677376171352075,1.584962500721156,0.10526315789473684,0.2631578947368421,human_sim_20260328200714_0,2026-03-28 19:58:14+00:00,0,
23.0,1.0,0.0,1.0,12.0,247.19598460473952,85.45810142797993,428.91476573338963,0.0,0.0,1.108381150522531,0.10687906538905646,0.0,0.0,0.0,0.0,0.0,0.0,0.0,0.0,0.0,0.0,11.0,154.8,30.99612879054415,0.0,2.8453509366224368,7.10594315245478,3239.0,7.100957085520222,1.584962500721156,0.0,0.9166666666666666,human_sim_20260328200714_0,2026-03-28 19:58:18+00:00,4000,
39.0,1.0,1.0,1.0,22.0,88.62856859298489,61.587824792426154,246.70670345749465,0.0,0.0,1.9998854447285144,0.7484719938694135,0.17065798651476402,0.047619047619047616,2.0,1964.0,0.0,1964.0,1964.0,0.0,1.0183299389002036,1.0,15.0,172.78571428571428,48.68877631215957,1.0,3.7735572622751845,6.200909466721786,11951.0,3.2633252447493932,1.584962500721156,0.09090909090909091,0.6818181818181818,human_sim_20260328200714_0,2026-03-28 19:58:22+00:00,8000,
31.0,1.0,1.0,1.0,23.0,98.85758805583613,70.80928765209352,259.07562873781796,1.0,1347.0,1.4893952068048284,1.0073961761437809,0.5627355950457728,0.13636363636363635,3.0,1325.5,364.5,961.0,1690.0,0.0,1.131648434552999,1.0,5.0,168.5,21.195518394226642,0.0,2.321928094887362,7.4183976261127595,12663.0,2.4480770749427467,1.584962500721156,0.13043478260869565,0.21739130434782608,human_sim_20260328200714_0,2026-03-28 19:58:29+00:00,15000,
22.0,1.0,1.0,1.0,12.0,253.26550003090716,137.47791555769282,540.2879890494617,0.0,0.0,1.3087145505276723,0.17807699020228884,0.0,0.0,3.0,1538.5,629.5,909.0,2168.0,0.0,0.9749756256093598,1.0,7.0,200.66666666666666,32.86166290510705,0.0,2.5216406363433186,5.813953488372093,8579.0,2.5644014453899056,1.584962500721156,0.25,0.5833333333333334,human_sim_20260328200714_0,2026-03-28 19:58:34+00:00,20000,
26.0,1.0,1.0,1.0,17.0,134.54522634624198,87.969308282925,321.61201595207746,0.0,0.0,1.312909051274949,0.40783402205187014,0.0,0.0,4.0,782.0,325.4166559965854,540.0,1242.0,0.0,1.7050298380221653,0.75,5.0,191.0,75.64059756506423,0.0,2.321928094887362,6.544502617801047,9157.0,2.839357868297477,1.584962500721156,0.23529411764705882,0.29411764705882354,human_sim_20260328200714_0,2026-03-28 19:58:29+00:00,15000,
16.0,1.0,1.0,1.0,9.0,232.0181145115844,267.5307476926124,773.8807456031052,1.0,1505.0,1.1489682723112318,1.0008235582589349,0.8203698268271207,0.375,2.0,1530.0,0.0,1530.0,1530.0,0.0,1.3071895424836601,1.0,5.0,146.75,11.882234638316145,0.0,2.321928094887362,8.517887563884157,8071.0,1.982406145459051,1.584962500721156,0.2222222222222222,0.5555555555555556,human_sim_20260328200714_0,2026-03-28 19:58:50+00:00,36000,
34.0,1.0,1.0,1.0,22.0,125.99596692649928,75.91013094672866,341.1254433882756,0.0,0.0,1.2781312131647662,0.5465821881442464,0.2485035370941411,0.047619047619047616,4.0,1888.0,218.83936269937058,1618.0,2154.0,0.0,0.7062146892655368,1.0,8.0,147.71428571428572,48.93352425401596,0.0,2.75,7.7369439071566735,15229.0,2.232582572723094,1.584962500721156,0.18181818181818182,0.36363636363636365,human_sim_20260328200714_0,2026-03-28 19:58:49+00:00,35000,
32.0,1.0,1.0,1.0,20.0,102.58462568818179,74.53740081795131,312.5,0.0,0.0,1.1616608593929318,0.4545834737647349,0.23060536126398012,0.05263157894736842,2.0,2206.0,0.0,2206.0,2206.0,0.0,0.9066183136899365,1.0,10.0,167.88888888888889,58.9546802297125,0.0,2.9219280948873623,6.618133686300464,12973.0,2.466661527788484,1.584962500721156,0.1,0.5,human_sim_20260328200714_0,2026-03-28 19:58:46+00:00,32000,
17.0,1.0,0.0,1.0,9.0,368.85714939782963,275.9133374967329,1066.7080973768811,0.0,0.0,1.0511658023717534,0.16525587011014328,0.0,0.0,0.0,0.0,0.0,0.0,0.0,0.0,0.0,0.0,8.0,208.28571428571428,40.69297687988603,0.0,2.75,5.486968449931412,3050.0,5.5737704918032795,1.584962500721156,0.0,0.8888888888888888,human_sim_20260328200714_0,2026-03-28 19:58:59+00:00,45000,
20.0,1.0,0.0,1.0,12.0,199.18905139716523,129.27994483931812,433.3733955839929,0.0,0.0,1.0858661215217484,0.22204905929658877,0.0,0.0,0.0,0.0,0.0,0.0,0.0,0.0,0.0,0.0,8.0,149.0,72.91090453423274,0.0,2.75,7.670182166826462,4572.0,4.374453193350831,1.584962500721156,0.0,0.6666666666666666,human_sim_20260328200714_1,2026-03-28 20:03:14+00:00,0,
29.0,1.0,1.0,1.0,18.0,104.64570367106705,83.47852426642389,325.72994949804655,0.0,0.0,1.2283989236680264,0.8233817711250766,0.3738696601184908,0.058823529411764705,4.0,2438.6666666666665,320.19195631509683,1997.0,2746.0,0.0,0.5467468562055768,1.0,7.0,162.5,65.106963273268,0.0,2.5216406363433186,7.17948717948718,14314.0,2.0259885426854827,1.584962500721156,0.2222222222222222,0.3888888888888889,human_sim_20260328200714_1,2026-03-28 20:03:17+00:00,3000,
30.0,1.0,1.0,1.0,20.0,72.0454819711032,49.68138602471462,172.03927326863447,0.0,0.0,3.9884331206704897,0.845465713479908,0.5111383609237686,0.10526315789473684,3.0,2198.5,61.5,2137.0,2260.0,0.0,0.6822833750284284,1.0,7.0,206.16666666666666,37.81276974192126,0.0,2.5216406363433186,5.658852061438965,13170.0,2.277904328018223,1.584962500721156,0.15,0.35,human_sim_20260328200714_1,2026-03-28 20:03:20+00:00,6000,
34.0,1.0,1.0,1.0,15.0,85.63050596971607,50.966058447920595,196.7597267373113,0.0,0.0,1.4612420209377532,0.8163478614213937,0.3477761836441894,0.07142857142857142,1.0,0.0,0.0,0.0,0.0,0.0,0.0,1.0,18.0,184.2941176470588,66.88687966470162,0.0,3.3082708345352603,5.745292052345994,8357.0,4.068445614454948,1.584962500721156,0.06666666666666667,1.2,human_sim_20260328200714_1,2026-03-28 20:03:29+00:00,15000,
27.0,1.0,1.0,1.0,22.0,109.75614991588861,70.26012347967277,309.2434436967794,0.0,0.0,1.154118992363784,0.4610291686810385,0.503765690376569,0.14285714285714285,3.0,1841.0,109.0,1732.0,1950.0,0.0,0.8147745790331341,1.0,2.0,144.0,0.0,0.0,1.0,13.888888888888888,13807.0,1.9555298037227495,1.584962500721156,0.13636363636363635,0.09090909090909091,human_sim_20260328200714_1,2026-03-28 20:03:38+00:00,24000,
41.0,1.0,1.0,1.0,20.0,87.2135906935033,69.96656154672058,298.9834917719828,0.0,0.0,1.351188557717621,0.7996835202737232,0.3265171503957784,0.10526315789473684,3.0,1654.5,143.5,1511.0,1798.0,0.0,0.9066183136899365,1.0,18.0,167.8235294117647,51.099942781270656,0.0,3.3082708345352603,6.309148264984227,14154.0,2.896707644482125,1.584962500721156,0.15,0.9,human_sim_20260328200714_1,2026-03-28 20:03:44+00:00,30000,
23.0,1.0,0.0,1.0,11.0,199.0532557225153,102.26346586174698,353.6585365853658,0.0,0.0,1.1417293080358484,0.4733453921158451,0.5724082291246471,0.1,0.0,0.0,0.0,0.0,0.0,0.0,0.0,0.0,12.0,204.8181818181818,47.45680942004613,0.0,3.2516291673878226,5.326231691078562,4942.0,4.653986240388506,1.584962500721156,0.0,1.0909090909090908,human_sim_20260328200714_1,2026-03-28 20:03:50+00:00,36000,
22.0,1.0,1.0,1.0,10.0,211.64242117040033,133.94211100036335,490.4798298621413,0.0,0.0,1.038589442533219,0.21198226011304735,0.0,0.0,3.0,2118.0,240.0,1878.0,2358.0,0.0,0.708215297450425,0.6666666666666666,9.0,189.5,44.62062303464621,0.0,2.94770277922009,5.936675461741425,9814.0,2.2416955369879763,1.584962500721156,0.3,0.9,human_sim_20260328200714_1,2026-03-28 20:03:42+00:00,28000,
16.0,1.0,1.0,1.0,10.0,149.9298018806848,97.22504807391648,319.85736975261506,0.0,0.0,1.0883418653619548,0.16608940247820614,0.0,0.0,2.0,2265.0,0.0,2265.0,2265.0,0.0,0.8830022075055187,1.0,4.0,121.66666666666667,72.76598717044172,1.0,1.5,10.95890410958904,7843.0,2.040035700624761,1.584962500721156,0.2,0.4,human_sim_20260328200714_1,2026-03-28 20:03:38+00:00,24000,
28.0,1.0,0.0,1.0,16.0,146.4407046966556,58.95586862104404,238.29960889835309,0.0,0.0,1.2798016983412552,0.32750589706780153,0.0,0.0,0.0,0.0,0.0,0.0,0.0,0.0,0.0,0.0,12.0,161.54545454545453,26.489667407101262,0.0,3.0849625007211556,6.752954417557682,5119.0,5.469818323891385,1.584962500721156,0.0,0.75,human_sim_20260328200714_1,2026-03-28 20:03:59+00:00,45000,
24.0,1.0,1.0,1.0,20.0,92.36798034265861,48.34866247928451,190.88385173778693,0.0,0.0,1.2669815415897088,0.5647422221877831,0.0,0.0,2.0,2565.0,0.0,2565.0,2565.0,0.0,0.7797270955165692,1.0,2.0,273.0,0.0,0.0,1.0,7.326007326007326,8485.0,2.828520919269299,0.9182958340544896,0.1,0.1,human_sim_20260328200714_2,2026-03-28 19:57:14+00:00,0,
21.0,1.0,1.0,1.0,12.0,113.50275659263721,58.486258189934816,257.11212960054655,0.0,0.0,1.5486748453019659,0.7077735579005516,0.0,0.0,4.0,2275.3333333333335,354.70206590257624,1921.0,2760.0,0.0,0.5859947260474656,1.0,5.0,207.5,20.982135258357285,0.0,2.321928094887362,6.024096385542169,13184.0,1.5928398058252426,1.584962500721156,0.3333333333333333,0.4166666666666667,human_sim_20260328200714_2,2026-03-28 19:57:20+00:00,6000,
22.0,1.0,0.0,1.0,11.0,182.89499349388836,144.91931030639898,515.3279151738772,0.0,0.0,1.5219670939373773,0.45729739358712884,0.0,0.0,0.0,0.0,0.0,0.0,0.0,0.0,0.0,0.0,11.0,161.5,60.90032840633948,1.0,2.8453509366224368,6.811145510835914,3832.0,5.741127348643007,0.9182958340544896,0.0,1.0,human_sim_20260328200714_2,2026-03-28 19:57:26+00:00,12000,
26.0,1.0,1.0,1.0,20.0,73.90861875744648,68.2893287469545,251.94555463432965,1.0,1030.0,2.836944267644482,0.8428700638366202,0.6821829855537721,0.21052631578947367,3.0,2401.5,398.5,2003.0,2800.0,0.0,0.6246096189881324,0.6666666666666666,3.0,157.0,47.0,0.0,1.584962500721156,9.554140127388534,13490.0,1.927353595255745,0.9182958340544896,0.15,0.15,human_sim_20260328200714_2,2026-03-28 19:57:32+00:00,18000,
33.0,1.0,1.0,1.0,17.0,84.6655555811227,78.7409661733951,288.21277851675933,0.0,0.0,1.7509559711327205,1.0577187878578689,0.09226979916635089,0.0625,4.0,2188.3333333333335,505.95476301960264,1523.0,2749.0,0.0,0.6092916984006093,0.75,12.0,203.54545454545453,48.178387527950626,0.0,3.2516291673878226,5.359535506922733,16907.0,1.951854261548471,1.584962500721156,0.23529411764705882,0.7058823529411765,human_sim_20260328200714_2,2026-03-28 19:57:30+00:00,16000,
19.0,1.0,1.0,1.0,10.0,125.12360329354682,80.17103626733937,262.08600445759294,0.0,0.0,1.08532994993975,0.20690285783723278,0.0,0.0,4.0,1900.3333333333333,266.9685790916643,1657.0,2272.0,0.0,0.7016312927556569,0.5,5.0,189.5,91.10845185821127,0.0,2.321928094887362,6.596306068601583,12555.0,1.513341298287535,1.584962500721156,0.4,0.5,human_sim_20260328200714_2,2026-03-28 19:57:29+00:00,15000,
30.0,1.0,1.0,1.0,15.0,220.6608912466656,116.91466354806087,394.04115768489805,0.0,0.0,1.2392017539279345,0.20768851371731287,0.0,0.0,4.0,1702.6666666666667,766.0088482227575,816.0,2685.0,0.0,0.7830853563038371,1.0,11.0,179.5,79.4836461166698,1.0,2.8453509366224368,6.128133704735376,11547.0,2.5980774227071968,1.584962500721156,0.26666666666666666,0.7333333333333333,human_sim_20260328200714_2,2026-03-28 19:57:44+00:00,30000,
38.0,1.0,1.0,1.0,24.0,96.8147433273711,55.784825874625426,216.67395909650241,0.0,0.0,1.2740298737148454,0.5898547665948277,0.2515800561797753,0.043478260869565216,2.0,1486.0,0.0,1486.0,1486.0,0.0,1.3458950201884252,0.5,12.0,194.27272727272728,45.581277873288975,0.0,3.2516291673878226,5.61534861956013,10445.0,3.6381043561512687,1.584962500721156,0.08333333333333333,0.5,human_sim_20260328200714_2,2026-03-28 19:57:42+00:00,28000,
25.0,1.0,1.0,1.0,19.0,113.52155891505859,85.53759442159955,376.5463983132021,0.0,0.0,1.1354371152194167,0.8085699579892508,0.0,0.0,2.0,2493.0,0.0,2493.0,2493.0,0.0,0.8022462896109105,1.0,4.0,190.0,52.56107558513873,0.0,1.5,7.017543859649123,9660.0,2.587991718426501,1.584962500721156,0.10526315789473684,0.21052631578947367,human_sim_20260328200714_2,2026-03-28 19:57:46+00:00,32000,
35.0,1.0,1.0,1.0,20.0,113.13369433280556,83.40897338794457,286.6955934025903,0.0,0.0,1.6918041437707174,0.6468650043861666,0.1341878630082115,0.05263157894736842,3.0,2734.5,16.5,2718.0,2751.0,0.0,0.5485463521667581,1.0,12.0,200.8181818181818,52.210793349160674,0.0,2.8553885422075336,5.432322317790856,14697.0,2.3814383887868273,1.584962500721156,0.15,0.6,human_sim_20260328200714_2,2026-03-28 19:57:50+00:00,36000,
26.0,1.0,1.0,1.0,17.0,238.19298214011275,20.67945882310829,275.88889462116487,0.0,0.0,1.0006510694257755,0.027494234263714976,0.0,0.0,3.0,257.0,20.0,237.0,277.0,1.0,5.836575875486381,1.0,6.0,68.2,11.124747188138704,1.0,2.2516291673878226,17.595307917888565,2152.0,12.081784386617102,1.584962500721156,0.17647058823529413,0.35294117647058826,human_sim_20260328200714_3,2026-03-28 20:06:14+00:00,0,
25.0,1.0,1.0,1.0,17.0,240.1058076019297,13.850288731684625,261.4157673366264,0.0,0.0,1.0005805339570424,0.03102053486283306,0.0,0.0,3.0,251.5,23.5,228.0,275.0,1.0,5.964214711729622,1.0,5.0,88.0,11.916375287812984,0.0,2.321928094887362,14.204545454545453,2137.0,11.69864295741694,1.584962500721156,0.17647058823529413,0.29411764705882354,human_sim_20260328200714_3,2026-03-28 20:06:18+00:00,4000,
27.0,1.0,1.0,1.0,18.0,240.96531288881738,18.097909278076866,273.9243351667304,0.0,0.0,1.0016538858945052,0.04989346235011069,0.0,0.0,3.0,257.5,14.5,243.0,272.0,1.0,5.825242718446602,1.0,6.0,84.8,13.76081392941566,0.0,2.2516291673878226,14.150943396226415,2104.0,12.832699619771864,1.584962500721156,0.16666666666666666,0.3333333333333333,human_sim_20260328200714_3,2026-03-28 20:06:20+00:00,6000,
29.0,1.0,1.0,1.0,20.0,239.15587984777687,11.036074235353484,255.91706538743782,0.0,0.0,1.0011319821901672,0.04325084728059391,0.0,0.0,3.0,263.5,1.5,262.0,265.0,1.0,5.692599620493358,1.0,6.0,76.6,15.755633912984905,0.0,2.2516291673878226,15.665796344647518,2126.0,13.640639698965192,1.584962500721156,0.15,0.3,human_sim_20260328200714_3,2026-03-28 20:06:26+00:00,12000,
26.0,1.0,1.0,1.0,17.0,239.01889678452733,20.818215372685515,277.58581480074764,0.0,0.0,1.0011197305256565,0.04747391280611974,0.0,0.0,3.0,253.5,4.5,249.0,258.0,1.0,5.9171597633136095,1.0,6.0,79.6,13.879481258317979,0.0,2.2516291673878226,15.07537688442211,2112.0,12.31060606060606,1.584962500721156,0.17647058823529413,0.35294117647058826,human_sim_20260328200714_3,2026-03-28 20:06:34+00:00,20000,
29.0,1.0,1.0,1.0,20.0,238.7168626192946,19.324268496980693,273.1300056749533,0.0,0.0,1.0013338823061593,0.052553138450821824,0.0,0.0,3.0,254.0,16.0,238.0,270.0,1.0,5.905511811023622,1.0,6.0,72.4,18.20549367636044,1.0,2.584962500721156,16.574585635359114,2102.0,13.79638439581351,1.584962500721156,0.15,0.3,human_sim_20260328200714_3,2026-03-28 20:06:34+00:00,20000,
28.0,1.0,1.0,1.0,19.0,238.13594503131338,15.308165131711183,268.3905102138671,0.0,0.0,1.0009614313857893,0.039705477008739005,0.0,0.0,3.0,237.5,11.5,226.0,249.0,1.0,6.315789473684211,1.0,6.0,58.2,16.351146748775758,1.0,2.2516291673878226,20.61855670103093,2056.0,13.618677042801556,1.584962500721156,0.15789473684210525,0.3157894736842105,human_sim_20260328200714_3,2026-03-28 20:06:38+00:00,24000,
28.0,1.0,1.0,1.0,20.0,237.1286639854624,17.845462867214383,262.62626262626264,0.0,0.0,1.000895596774246,0.037769017573345554,0.0,0.0,3.0,262.5,0.5,262.0,263.0,1.0,5.714285714285714,1.0,5.0,73.25,5.0682837331783235,0.0,2.321928094887362,17.064846416382252,2083.0,13.44215074411906,1.584962500721156,0.15,0.25,human_sim_20260328200714_3,2026-03-28 20:06:56+00:00,42000,
27.0,1.0,1.0,1.0,17.0,237.34545044814956,13.667014566275721,271.9780205623487,0.0,0.0,1.0019412672724095,0.051203623022412145,0.0,0.0,3.0,248.5,9.5,239.0,258.0,1.0,6.036217303822937,1.0,7.0,75.83333333333333,12.733376963276038,0.0,2.5216406363433186,15.384615384615385,2125.0,12.705882352941176,1.584962500721156,0.17647058823529413,0.4117647058823529,human_sim_20260328200714_3,2026-03-28 20:07:02+00:00,48000,
26.0,1.0,1.0,1.0,17.0,235.9895813049946,18.17904869873059,261.3936392563185,0.0,0.0,1.0015402119450802,0.06659737274998687,0.0,0.0,3.0,251.0,11.0,240.0,262.0,1.0,5.9760956175298805,1.0,6.0,82.6,5.9531504264548865,0.0,2.584962500721156,14.527845036319613,2141.0,12.143858010275572,1.584962500721156,0.17647058823529413,0.35294117647058826,human_sim_20260328200714_3,2026-03-28 20:06:59+00:00,45000,
28.0,1.0,1.0,1.0,19.0,238.2292444300478,16.96049506407481,267.84499486544263,0.0,0.0,1.0014219346290731,0.0584641697442778,0.0,0.0,3.0,239.5,8.5,231.0,248.0,1.0,6.263048016701462,1.0,6.0,66.6,8.475848040166836,0.0,2.584962500721156,18.01801801801802,2104.0,13.307984790874524,1.584962500721156,0.15789473684210525,0.3157894736842105,human_sim_20260328200714_4,2026-03-28 20:04:14+00:00,0,
26.0,1.0,1.0,1.0,16.0,240.52403151475016,13.963545840307455,278.7040874234217,0.0,0.0,1.0012320273246809,0.054166146896144574,0.0,0.0,3.0,250.0,25.0,225.0,275.0,1.0,6.0,1.0,7.0,81.16666666666667,13.582055154586223,0.0,2.5216406363433186,14.373716632443532,2094.0,12.41642788920726,1.584962500721156,0.1875,0.4375,human_sim_20260328200714_4,2026-03-28 20:04:18+00:00,4000,
28.0,1.0,1.0,1.0,18.0,240.21210498793016,16.10736135237531,268.0412371134021,0.0,0.0,1.0014460450130966,0.0585523374319312,0.0,0.0,3.0,270.0,2.0,268.0,272.0,1.0,5.555555555555555,1.0,7.0,78.16666666666667,15.941734186997627,0.0,2.5216406363433186,14.925373134328359,2171.0,12.897282358360203,1.584962500721156,0.16666666666666666,0.3888888888888889,human_sim_20260328200714_4,2026-03-28 20:04:26+00:00,12000,
27.0,1.0,1.0,1.0,18.0,239.32727471865,19.61090881434239,277.58581480074764,0.0,0.0,1.000582066288842,0.02985392344569153,0.0,0.0,3.0,266.0,9.0,257.0,275.0,1.0,5.639097744360902,1.0,6.0,78.4,15.47384890710776,0.0,2.2516291673878226,15.306122448979592,2127.0,12.693935119887165,1.584962500721156,0.16666666666666666,0.3333333333333333,human_sim_20260328200714_4,2026-03-28 20:04:23+00:00,9000,
28.0,1.0,1.0,1.0,18.0,239.46076433916286,13.289854082235891,260.49667167816517,0.0,0.0,1.0013515339426131,0.05743626471645737,0.0,0.0,3.0,247.0,22.0,225.0,269.0,1.0,6.0728744939271255,1.0,7.0,76.5,19.972898304118676,1.0,2.5216406363433186,15.250544662309368,2142.0,13.071895424836601,1.584962500721156,0.16666666666666666,0.3888888888888889,human_sim_20260328200714_4,2026-03-28 20:04:34+00:00,20000,
26.0,1.0,1.0,1.0,17.0,237.14478617310348,15.583780690144966,269.2582403567252,0.0,0.0,1.0009135030974734,0.028743025155875505,0.0,0.0,3.0,274.5,0.5,274.0,275.0,1.0,5.46448087431694,1.0,6.0,82.6,11.655041827466773,0.0,2.584962500721156,14.527845036319613,2198.0,11.828935395814376,1.584962500721156,0.17647058823529413,0.35294117647058826,human_sim_20260328200714_4,2026-03-28 20:04:44+00:00,30000,
27.0,1.0,1.0,1.0,17.0,238.53179687265913,19.62503148439411,271.12918888951884,0.0,0.0,1.0014227271335077,0.05452292893568458,0.0,0.0,3.0,253.0,16.0,237.0,269.0,1.0,5.928853754940711,1.0,7.0,84.0,24.562844569254054,0.0,2.5216406363433186,13.888888888888888,2143.0,12.599160055996267,1.584962500721156,0.17647058823529413,0.4117647058823529,human_sim_20260328200714_4,2026-03-28 20:04:38+00:00,24000,
27.0,1.0,1.0,1.0,18.0,240.1251576408638,15.29891212271214,261.55113506074076,0.0,0.0,1.0007194153771442,0.03910536544880357,0.0,0.0,3.0,241.0,8.0,233.0,249.0,1.0,6.224066390041493,1.0,6.0,91.0,8.024961059095553,0.0,2.584962500721156,13.186813186813186,2046.0,13.196480938416423,1.584962500721156,0.16666666666666666,0.3333333333333333,human_sim_20260328200714_4,2026-03-28 20:04:56+00:00,42000,
27.0,1.0,1.0,1.0,18.0,238.88725161984289,18.105965881977387,272.172758400909,0.0,0.0,1.0011242949197035,0.04256697204060631,0.0,0.0,3.0,269.5,10.5,259.0,280.0,1.0,5.565862708719852,1.0,6.0,91.0,14.939879517586478,0.0,2.2516291673878226,13.186813186813186,2128.0,12.687969924812029,1.584962500721156,0.16666666666666666,0.3333333333333333,human_sim_20260328200714_4,2026-03-28 20:04:46+00:00,32000,
29.0,1.0,1.0,1.0,20.0,235.3023106745878,12.538264124054308,252.02222520874423,0.0,0.0,1.0010558995516123,0.05425406349784038,0.0,0.0,3.0,268.0,9.0,259.0,277.0,1.0,5.597014925373134,1.0,6.0,76.2,18.475930287809597,1.0,2.584962500721156,15.748031496062993,2111.0,13.737565135007106,1.584962500721156,0.15,0.3,human_sim_20260328200714_4,2026-03-28 20:04:41+00:00,27000,
